id,text,date,likes,reposts,views
1478,"–î–∏–∫—Ç–∞–Ω—Ç –Ω–∞ –∫–∞—Ä–µ–ª—å—Å–∫–æ–º —è–∑—ã–∫–µ! ‚úç  –ü—Ä–∏–≥–ª–∞—à–∞–µ–º 26 –∞–ø—Ä–µ–ª—è –ø—Ä–∏—Å–æ–µ–¥–∏–Ω–∏—Ç—å—Å—è –∫ –∞–∫—Ü–∏–∏ –∏ –Ω–∞–ø–∏—Å–∞—Ç—å –¥–∏–∫—Ç–∞–Ω—Ç –Ω–∞ —Ç–≤–µ—Ä—Å–∫–æ–º –¥–∏–∞–ª–µ–∫—Ç–µ –∫–∞—Ä–µ–ª—å—Å–∫–æ–≥–æ —è–∑—ã–∫–∞ –≤ –ì–µ—Ä—Ü–µ–Ω–∫–µ –≤–º–µ—Å—Ç–µ —Å —É—á–∞—Å—Ç–Ω–∏–∫–∞–º–∏ —è–∑—ã–∫–æ–≤–æ–≥–æ –∫–ª—É–±–∞ ¬´Karielan kielell√§ va≈°tah¬ª.  –ê–∫—Ü–∏—è ¬´–î–∏–∫—Ç–∞–Ω—Ç –Ω–∞ –∫–∞—Ä–µ–ª—å—Å–∫–æ–º –∏ –≤–µ–ø—Å—Å–∫–æ–º —è–∑—ã–∫–∞—Ö¬ª –ø—Ä–∏—É—Ä–æ—á–µ–Ω–∞ –∫–æ –î–Ω—é –∫–∞—Ä–µ–ª—å—Å–∫–æ–π –∏ –≤–µ–ø—Å—Å–∫–æ–π –ø–∏—Å—å–º–µ–Ω–Ω–æ—Å—Ç–∏, –∫–æ—Ç–æ—Ä—ã–π –æ—Ç–º–µ—á–∞–µ—Ç—Å—è 20 –∞–ø—Ä–µ–ª—è.   üí¨ –û—Ä–≥–∞–Ω–∏–∑–∞—Ç–æ—Ä–æ–º –ê–∫—Ü–∏–∏ –≤—ã—Å—Ç—É–ø–∞–µ—Ç –ú–∏–Ω–∏—Å—Ç–µ—Ä—Å—Ç–≤–æ –Ω–∞—Ü–∏–æ–Ω–∞–ª—å–Ω–æ–π –∏ —Ä–µ–≥–∏–æ–Ω–∞–ª—å–Ω–æ–π –ø–æ–ª–∏—Ç–∏–∫–∏ –†–µ—Å–ø—É–±–ª–∏–∫–∏ –ö–∞—Ä–µ–ª–∏—è —Å–æ–≤–º–µ—Å—Ç–Ω–æ —Å –†–µ–≥–∏–æ–Ω–∞–ª—å–Ω–æ–π –æ–±—â–µ—Å—Ç–≤–µ–Ω–Ω–æ–π –æ—Ä–≥–∞–Ω–∏–∑–∞—Ü–∏–µ–π ¬´–°–æ—é–∑ –∫–∞—Ä–µ–ª—å—Å–∫–æ–≥–æ –Ω–∞—Ä–æ–¥–∞¬ª, –ö–∞—Ä–µ–ª—å—Å–∫–æ–π —Ä–µ–≥–∏–æ–Ω–∞–ª—å–Ω–æ–π –æ–±—â–µ—Å—Ç–≤–µ–Ω–Ω–æ–π –æ—Ä–≥–∞–Ω–∏–∑–∞—Ü–∏–µ–π ¬´–û–±—â–µ—Å—Ç–≤–æ –≤–µ–ø—Å—Å–∫–æ–π –∫—É–ª—å—Ç—É—Ä—ã¬ª, –ü–µ—Ç—Ä–æ–∑–∞–≤–æ–¥—Å–∫–∏–º –≥–æ—Å—É–¥–∞—Ä—Å—Ç–≤–µ–Ω–Ω—ã–º —É–Ω–∏–≤–µ—Ä—Å–∏—Ç–µ—Ç–æ–º.  –†—É–∫–æ–≤–æ–¥–∏—Ç–µ–ª—å —è–∑—ã–∫–æ–≤–æ–≥–æ –∫–ª—É–±–∞ - –ê–Ω–∞—Å—Ç–∞—Å–∏—è –†—É–Ω—Ç–æ–≤–∞. ____________________________ –ì–¥–µ: –≥. –¢–≤–µ—Ä—å, –¶–µ–Ω—Ç—Ä–∞–ª—å–Ω–∞—è –≥–æ—Ä–æ–¥—Å–∫–∞—è –±–∏–±–ª–∏–æ—Ç–µ–∫–∞ –∏–º. –ê.–ò. –ì–µ—Ä—Ü–µ–Ω–∞, –ö–æ–Ω—Ñ–µ—Ä–µ–Ω—Ü-–∑–∞–ª / –¢–≤–µ—Ä—Å–∫–æ–π –ø—Ä-—Ç, 5. –ö–æ–≥–¥–∞: 26 –∞–ø—Ä–µ–ª—è –≤ 14:30. –¢–µ–ª–µ—Ñ–æ–Ω: 34-82-14. –í—Ö–æ–¥ —Å–≤–æ–±–æ–¥–Ω—ã–π. [12+]  #–¢–≤–µ—Ä—å #–ì–µ—Ä—Ü–µ–Ω–∫–∞–¢–≤–µ—Ä—å #–ì–æ—Ä–æ–¥—Å–∫–∏–µ_–±–∏–±–ª–∏–æ—Ç–µ–∫–∏_–¢–≤–µ—Ä–∏ #–∞—Ñ–∏—à–∞–¢–≤–µ—Ä—å #–∏–Ω—Ç–µ—Ä–µ—Å–Ω–æ–µ–≤–¢–≤–µ—Ä–∏ #–∫—É–¥–∞–ø–æ–π—Ç–∏–≤–¢–≤–µ—Ä–∏ #karielankieli #TverinKariela #omat_paginat #karielan_kielell√§_va≈°tah #kielell√§_va≈°tah #–∫–∞—Ä–µ–ª—å—Å–∫–∏–π—è–∑—ã–∫ #–¢–≤–µ—Ä—Å–∫–∞—è–ö–∞—Ä–µ–ª–∏—è",2025-04-19 19:19:00,31,5,1068
1470,≈†oita ≈†oita ≈†oma ≈†oittu - –¢–≤–µ—Ä—Å–∫–∏–µ –∫–∞—Ä–µ–ª—å—Å–∫–∏–µ —á–∞—Å—Ç—É—à–∫–∏. 2017 –≥–æ–¥.,2025-04-05 11:11:00,42,22,1674
1466,–°–∞–π—Ç –º—É–ª—å—Ç–∏–º–µ–¥–∏–π–Ω–æ–≥–æ —Å–ª–æ–≤–∞—Ä—è –∫–∞—Ä–µ–ª—å—Å–∫–æ–≥–æ —è–∑—ã–∫–∞ LiPaS ‚Äì Livvin paginan sanat! –ó–¥–µ—Å—å –≤—ã –Ω–∞–π–¥—ë—Ç–µ —Å–∞–º—É—é —É–ø–æ—Ç—Ä–µ–±–∏—Ç–µ–ª—å–Ω—É—é –ª–µ–∫—Å–∏–∫—É –ª–∏–≤–≤–∏–∫–æ–≤—Å–∫–æ–≥–æ –Ω–∞—Ä–µ—á–∏—è –≤ –µ–µ –Ω–æ—Ä–º–∞—Ç–∏–≤–Ω–æ–º –Ω–∞–ø–∏—Å–∞–Ω–∏–∏.  http://dictorpus.krc.karelia.ru/ru/olodict,2025-03-22 11:11:00,83,45,3814
1461,–ö–û–ú–ò–ö–° –ù–ê –ö–ê–†–ï–õ–¨–°–ö–û–ú –Ø–ó–´–ö–ï. ≈†UARNA KALANIEKKAH I KALAZEH N√ÑH - –°–ö–ê–ó–ö–ê –û –†–´–ë–ê–ö–ï –ò –†–´–ë–ö–ï.,2025-03-01 11:11:00,116,41,4178
1450,Kondan Kalndan. Miikul Pahomov. 2012 –≥–æ–¥.,2025-02-01 11:11:00,32,9,2453
1445,"1 —Ñ–µ–≤—Ä–∞–ª—è —è–∑—ã–∫–æ–≤–æ–π –∫–ª—É–± ¬´Karielan kielell√§ va≈°tah¬ª (—Ä—É–∫–æ–≤–æ–¥–∏—Ç–µ–ª—å - –ê–Ω–∞—Å—Ç–∞—Å–∏—è –†—É–Ω—Ç–æ–≤–∞) –ø—Ä–∏–≥–ª–∞—à–∞–µ—Ç –≤—Å–µ—Ö –∂–µ–ª–∞—é—â–∏—Ö –ø–æ–∑–Ω–∞–∫–æ–º–∏—Ç—å—Å—è —Å –∏–Ω—Ç–µ—Ä–Ω–µ—Ç-—Ä–µ—Å—É—Ä—Å–æ–º üìç¬´–í–µ–ø–ö–∞—Ä¬ª (–û—Ç–∫—Ä—ã—Ç—ã–π –∫–æ—Ä–ø—É—Å –≤–µ–ø—Å—Å–∫–æ–≥–æ –∏ –∫–∞—Ä–µ–ª—å—Å–∫–æ–≥–æ —è–∑—ã–∫–æ–≤) –∏ —É–∑–Ω–∞—Ç—å, —á–µ–º –æ–Ω –º–æ–∂–µ—Ç –ø–æ–º–æ—á—å –≤ –∏–∑—É—á–µ–Ω–∏–∏ –∫–∞—Ä–µ–ª—å—Å–∫–æ–≥–æ —è–∑—ã–∫–∞ –∏ –∫—É–ª—å—Ç—É—Ä—ã –∫–∞—Ä–µ–ª–æ–≤. ______________________________ –ì–¥–µ: –≥. –¢–≤–µ—Ä—å, –¢–≤–µ—Ä—Å–∫–æ–π –ø—Ä-—Ç, 5.  –¶–µ–Ω—Ç—Ä–∞–ª—å–Ω–∞—è –≥–æ—Ä–æ–¥—Å–∫–∞—è –±–∏–±–ª–∏–æ—Ç–µ–∫–∞ –∏–º. –ê.–ò. –ì–µ—Ä—Ü–µ–Ω–∞, –ö–æ–Ω—Ñ–µ—Ä–µ–Ω—Ü-–∑–∞–ª. –ö–æ–≥–¥–∞: 1 —Ñ–µ–≤—Ä–∞–ª—è –≤ 15:00. –¢–µ–ª–µ—Ñ–æ–Ω: 34-82-14. –í—Ö–æ–¥ –ø–æ —á–∏—Ç–∞—Ç–µ–ª—å—Å–∫–æ–º—É –±–∏–ª–µ—Ç—É. [12+] #–¢–≤–µ—Ä—å #–ì–µ—Ä—Ü–µ–Ω–∫–∞–¢–≤–µ—Ä—å #–ì–æ—Ä–æ–¥—Å–∫–∏–µ_–±–∏–±–ª–∏–æ—Ç–µ–∫–∏_–¢–≤–µ—Ä–∏ #–∞—Ñ–∏—à–∞–¢–≤–µ—Ä—å #–∏–Ω—Ç–µ—Ä–µ—Å–Ω–æ–µ–≤–¢–≤–µ—Ä–∏ #–∫—É–¥–∞–ø–æ–π—Ç–∏–≤–¢–≤–µ—Ä–∏ #karielankieli #TverinKariela #karielan_kielell√§_va≈°tah #kielell√§_va≈°tah #–∫–∞—Ä–µ–ª—å—Å–∫–∏–π—è–∑—ã–∫ #–¢–≤–µ—Ä—Å–∫–∞—è–ö–∞—Ä–µ–ª–∏—è #–í–µ–ø–ö–∞—Ä #–ò–Ø–õ–ò",2025-01-27 22:22:00,45,5,2254
1425,–†–µ—Ü–µ–ø—Ç—ã –∏ —Å–ø–æ—Å–æ–±—ã –ø—Ä–∏–≥–æ—Ç–æ–≤–ª–µ–Ω–∏—è –±–ª—é–¥ –∏–∑ –∫—É—Ö–Ω–∏ —Ç–≤–µ—Ä—Å–∫–∏—Ö –∫–∞—Ä–µ–ª. –ù–∞ –∫–∞—Ä–µ–ª—å—Å–∫–æ–º –∏ —Ä—É—Å—Å–∫–æ–º —è–∑—ã–∫–∞—Ö.,2024-12-28 11:11:00,149,85,5995
1417,"ABC-kird‚Äô. Kuj√§rven l√º√ºdin kielel, 2003 –≥–æ–¥. Pahomovan Miikul, Pota≈°ovan Lid‚Äôa.",2024-12-01 11:11:00,109,27,5616
1400,–ö–∞—Ä–µ–ª—å—Å–∫–∏–µ –Ω–∞—Ä–æ–¥–Ω—ã–µ —Å–∫–∞–∑–∫–∏ 1963 –≥–æ–¥. –° –ø–µ—Ä–µ–≤–æ–¥–æ–º.,2024-11-02 11:11:00,210,123,7975
1393,"Pagizemmo karjalakse - –ì–æ–≤–æ—Ä–∏–º –ø–æ –∫–∞—Ä–µ–ª—å—Å–∫–∏.  –õ–∏–≤–≤–∏–∫–æ–≤—Å–∫–æ–µ –Ω–∞—Ä–µ—á–∏–µ, –û–ª—å–≥–∞ –ñ–∞—Ä–∏–Ω–æ–≤–∞.",2024-10-05 11:11:00,186,78,5877
1385,"L√º√ºdi ven√§n ven√§ l√º√ºdin sanakird - –õ—é–¥–∏–∫–æ–≤—Å–∫–æ-—Ä—É—Å—Å–∫–∏–π –∏ —Ä—É—Å—Å–∫–æ-–ª—é–¥–∏–∫–æ–≤—Å–∫–∏–π —Å–ª–æ–≤–∞—Ä—å. Miikul Pahomov, 2022 –≥–æ–¥.",2024-09-01 11:11:00,100,37,5725
1371,üìö –ù–ê–®–ê –ì–†–£–ü–ü–ê –í –¢–ï–õ–ï–ì–†–ê–ú–ú–ï.  https://t.me/karjalan_kieli,2024-08-11 11:22:02,23,5,2292
1319,Virret karielaziin kielell√§ - –ü–µ—Å–Ω–∏ –Ω–∞ –∫–∞—Ä–µ–ª—å—Å–∫–æ–º —è–∑—ã–∫–µ 1936 –≥–æ–¥.,2024-08-03 11:11:00,239,96,8303
1311,Karjalua vienak≈°i vienankarjalan alkeiskur≈°≈°i - –ù–∞—á–∞–ª—å–Ω—ã–π –∫—É—Ä—Å –ø–æ –∏–∑—É—á–µ–Ω–∏—é —Å–æ–±—Å—Ç–≤–µ–Ω–Ω–æ –∫–∞—Ä–µ–ª—å—Å–∫–æ–≥–æ –Ω–∞—Ä–µ—á–∏—è - –ö–∞—Ä–∞–∫–∏–Ω –ï.–§.,2024-07-06 11:11:00,146,68,6305
1285,"–ê–∑–±—É–∫–∞ –¥–ª—è –∫–æ—Ä–µ–ª–ª–æ–≤—ä (–∫–∞—Ä–µ–ª–æ–≤) –∂–∏–≤—É—â–∏—Ö –≤ –∫–µ–º—Å–∫–æ–º —É–µ–∑–¥–µ, –ê—Ä—Ö–∞–Ω–≥–µ–ª—å—Å–∫–æ–π –æ–±–ª–∞—Å—Ç–∏. 1894 –≥–æ–¥.",2024-06-01 11:11:00,171,67,4322
1284,–°–µ–º–µ–π–Ω—ã–π –∫–ª—É–± —Ç–≤–µ—Ä—Å–∫–∏—Ö –∫–∞—Ä–µ–ª. –ü—Ä–µ–º—å–µ—Ä–∞ –ø–æ—Å—Ç–∞–Ω–æ–≤–∫–∏ Tubone - –¢–µ—Ä–µ–º–æ–∫. t.me/tipazet (—Ü—ã–ø–ª—è—Ç–∞) #tipazet,2024-05-18 11:11:00,30,4,1852
1241,–î–∏–∞–ª–µ–∫—Ç–æ–ª–æ–≥–∏—è –∫–∞—Ä–µ–ª—å—Å–∫–æ–≥–æ —è–∑—ã–∫–∞ : –£—á–µ–±–Ω–æ–µ –ø–æ—Å–æ–±–∏–µ. 1987 –≥–æ–¥. Karjalan kielen murreoppia. –ü. –ú. –ó–∞–π–∫–æ–≤.,2024-05-04 11:11:00,141,59,5541
1233,"ENZIM√ÑZET HARPAVKSET : STIHAT, VIRRET, OCERKAT I SANELENNAT. –ü–µ—Ä–≤—ã–µ —à–∞–≥–∏: —Å—Ç–∏—Ö–∏, –ø–µ—Å–Ω–∏, –æ—á–µ—Ä–∫–∏ –∏ —Ä–∞—Å—Å–∫–∞–∑—ã. –ê.–ê. –ë–µ–ª—è–∫–æ–≤. 1932 –≥–æ–¥.",2024-04-06 11:11:00,88,28,4797
1205,–ö–∞—Ä–µ–ª—å—Å–∫–∏–µ –Ω–∞—Ä–æ–¥–Ω—ã–µ —Å–∫–∞–∑–∫–∏. –†–µ–ø–µ—Ä—Ç—É–∞—Ä –ú–∞—Ä–∏–∏ –ò–≤–∞–Ω–æ–≤–Ω—ã –ú–∏—Ö–µ–µ–≤–æ–π. –° –ø–µ—Ä–µ–≤–æ–¥–æ–º.,2024-03-02 11:11:00,327,159,8273
1193,"üìö –ö–∞—Ä–µ–ª—å—Å–∫–∞—è –≤—Å—Ç—Ä–µ—á–∞ ¬´Omat paginat¬ª  10 —Ñ–µ–≤—Ä–∞–ª—è –ø—Ä–∏–≥–ª–∞—à–∞–µ–º –≤—Å–µ—Ö, –∫—Ç–æ –≤–ª–∞–¥–µ–µ—Ç –∫–∞—Ä–µ–ª—å—Å–∫–∏–º —è–∑—ã–∫–æ–º (—Ç–≤–µ—Ä—Å–∫–∏–º –¥–∏–∞–ª–µ–∫—Ç–æ–º ) –≤ [https://vk.com/gercenka|–¢–≤–µ—Ä—Å–∫—É—é –≥–æ—Ä–æ–¥—Å–∫—É—é –±–∏–±–ª–∏–æ—Ç–µ–∫—É –∏–º. –ê. –ì–µ—Ä—Ü–µ–Ω–∞] (–≥. –¢–≤–µ—Ä—å) –Ω–∞ —Ä–∞–∑–≥–æ–≤–æ—Ä–Ω—É—é –≤—Å—Ç—Ä–µ—á—É ¬´Omat paginat¬ª, –∫–æ—Ç–æ—Ä—É—é –ø—Ä–æ–≤–æ–¥–∏—Ç —è–∑—ã–∫–æ–≤–æ–π –∫–ª—É–± ¬´Karielan kielell√§ va≈°tah¬ª (¬´–ù–∞–≤—Å—Ç—Ä–µ—á—É –∫–∞—Ä–µ–ª—å—Å–∫–æ–º—É —è–∑—ã–∫—É¬ª). –†—É–∫–æ–≤–æ–¥–∏—Ç–µ–ª—å –∫–ª—É–±–∞ [https://vk.com/id38658356|–ê. –†—É–Ω—Ç–æ–≤–∞].  üí¨ –¢–µ–º–∞ –≤—Å—Ç—Ä–µ—á–∏ - ¬´Oma kyl√§¬ª (¬´–†–æ–¥–Ω–∞—è –¥–µ—Ä–µ–≤–Ω—è¬ª). –ñ–¥—ë–º –≤–∞—à–∏—Ö —Ä–∞—Å—Å–∫–∞–∑–æ–≤ –Ω–∞ –∫–∞—Ä–µ–ª—å—Å–∫–æ–º —è–∑—ã–∫–µ –æ –¥–µ—Ä–µ–≤–Ω—è—Ö, –≤ –∫–æ—Ç–æ—Ä—ã—Ö —Ä–æ–¥–∏–ª–∏—Å—å –∏ –∂–∏–ª–∏ –≤—ã –∏–ª–∏ –≤–∞—à–∏ —Ä–æ–¥–Ω—ã–µ. ________________________ –ì–¥–µ: –¶–µ–Ω—Ç—Ä–∞–ª—å–Ω–∞—è –≥–æ—Ä–æ–¥—Å–∫–∞—è –±–∏–±–ª–∏–æ—Ç–µ–∫–∞ –∏–º. –ê.–ò. –ì–µ—Ä—Ü–µ–Ω–∞, –ë–∏–±–ª–∏–æ–∫–∞—Ñ–µ / –¢–≤–µ—Ä—Å–∫–æ–π –ø—Ä-—Ç, 5. –ö–æ–≥–¥–∞: 10 —Ñ–µ–≤—Ä–∞–ª—è –≤ 15:00. –¢–µ–ª–µ—Ñ–æ–Ω: 34-82-14. –í—Ö–æ–¥ –ø–æ —á–∏—Ç–∞—Ç–µ–ª—å—Å–∫–æ–º—É –±–∏–ª–µ—Ç—É. [12+] #–¢–≤–µ—Ä—å #–ì–µ—Ä—Ü–µ–Ω–∫–∞–¢–≤–µ—Ä—å #–ì–æ—Ä–æ–¥—Å–∫–∏–µ_–±–∏–±–ª–∏–æ—Ç–µ–∫–∏_–¢–≤–µ—Ä–∏ #–∞—Ñ–∏—à–∞–¢–≤–µ—Ä—å #–∏–Ω—Ç–µ—Ä–µ—Å–Ω–æ–µ–≤–¢–≤–µ—Ä–∏ #–∫—É–¥–∞–ø–æ–π—Ç–∏–≤–¢–≤–µ—Ä–∏ #karielankieli #TverinKariela #omat_paginat #karielan_kielell√§_va≈°tah #kielell√§_va≈°tah #–∫–∞—Ä–µ–ª—å—Å–∫–∏–π—è–∑—ã–∫ #–¢–≤–µ—Ä—Å–∫–∞—è–ö–∞—Ä–µ–ª–∏—è",2024-02-05 19:19:24,65,13,3782
1157,–†–£–°–°–ö–û - –ö–ê–†–ï–õ–¨–°–ö–ò–ô –°–õ–û–í–ê–†–¨.  –°–æ—Å—Ç–∞–≤–∏—Ç–µ–ª—å –ì–µ–æ—Ä–≥–∏–µ–≤—Å–∫–∏–π –ú.–î. 1908 –≥–æ–¥.,2024-02-03 11:11:00,370,225,11043
1151,–ú–æ–∏ –∫–∞—Ä–µ–ª—å—Å–∫–∏–µ —Å–∫–∞–∑–∫–∏ - Miun paginat kyl”ìl”ìzih n”ìh. –ë–∞–ª–∞–∫–∏—Ä–µ–≤ –ù.–ú –°–∫–∞–∑–∫–∏ —Å –ø–µ—Ä–µ–≤–æ–¥–æ–º.,2024-01-06 11:11:00,208,85,7601
1140,YouTube - –î–ï–¢–ò –ê–†–ö–¢–ò–ö–ò https://www.youtube.com/@arctic-children https://www.youtube.com/watch?v=TET_M0BdiQs https://www.youtube.com/watch?v=mcRLu8FUbnI https://www.youtube.com/watch?v=cKRRhhbfWcA https://www.youtube.com/watch?v=0xM9Op_DRf0,2023-12-02 11:11:00,53,26,4546
1127,"–ö–∞—Ä–µ–ª—å—Å–∫–∏–µ –≤—Å—Ç—Ä–µ—á–∏ ""Omat paginat"". 25 –Ω–æ—è–±—Ä—è –≤ 16.00 –ø—Ä–∏–≥–ª–∞—à–∞–µ–º –≤—Å–µ—Ö, –∫—Ç–æ –≤–ª–∞–¥–µ–µ—Ç –∫–∞—Ä–µ–ª—å—Å–∫–∏–º —è–∑—ã–∫–æ–º –≤ –±–∏–±–ª–∏–æ—Ç–µ–∫—É –∏–º. –ì–µ—Ä—Ü–µ–Ω–∞ (–≥. –¢–≤–µ—Ä—å) –Ω–∞ —Ä–∞–∑–≥–æ–≤–æ—Ä–Ω—É—é –≤—Å—Ç—Ä–µ—á—É ""Omat paginat"". –¢–µ–º–∞ –ø–µ—Ä–≤–æ–π –≤—Å—Ç—Ä–µ—á–∏ ""Tuttavu≈°"" (""–ó–Ω–∞–∫–æ–º—Å—Ç–≤–æ""). –Ø–∑—ã–∫ –æ–±—â–µ–Ω–∏—è - –∫–∞—Ä–µ–ª—å—Å–∫–∏–π.  Rubiemma pagizomah karielak≈°i! Tulgua tervehen√§! –í—Å–µ –≤–æ–ø—Ä–æ—Å—ã –ø–æ –º–µ—Ä–æ–ø—Ä–∏—è—Ç–∏—é –∫ –†—É–Ω—Ç–æ–≤–æ–π –ê–Ω–∞—Å—Ç–∞—Å–∏–∏ https://vk.ru/id38658356",2023-11-18 11:11:00,91,11,5725
1122,MEIJ√ÑN TAIVAHALLIZET PUOLISTAJAT. KARJALAN PYH√ÑT. –ù–ê–®–ò –ù–ï–ë–ï–°–ù–´–ï –ó–ê–©–ò–¢–ù–ò–ö–ò.  –ö–ê–†–ï–õ–¨–°–ö–ò–ï –°–í–Ø–¢–´–ï. –ù–∞ –∫–∞—Ä–µ–ª—å—Å–∫–æ–º –∏ —Ä—É—Å—Å–∫–æ–º —è–∑—ã–∫–∞—Ö.,2023-11-04 11:11:00,102,37,6295
1116,"–ò–ì–†–ê–ô –ò –£–ß–ò –ö–ê–†–ï–õ–¨–°–ö–ò–ô –Ø–ó–´–ö! üì± –°–æ–∫—Ä–æ–≤–∏—â–µ –Ω–∞—Ü–∏–∏ - –∏–≥—Ä–∞, –∫–æ—Ç–æ—Ä–∞—è –∑–Ω–∞–∫–æ–º–∏—Ç —Ä–µ–±–µ–Ω–∫–∞ —Å –†–æ–¥–Ω—ã–º —è–∑—ã–∫–æ–º. –£—á–∏—Ç —Å—á–∏—Ç–∞—Ç—å, –Ω–∞–∑—ã–≤–∞—Ç—å —Ü–≤–µ—Ç–∞ –∏ —Å–≤–æ–π—Å—Ç–≤–∞ –ø—Ä–µ–¥–º–µ—Ç–æ–≤ –Ω–∞ —Ä–æ–¥–Ω–æ–º —è–∑—ã–∫–µ. –í –∏–≥—Ä–µ –ø—Ä–µ–¥—Å—Ç–∞–≤–ª–µ–Ω–æ 30 —è–∑—ã–∫–æ–≤, –≤–∫–ª—é—á–∞—è –∫–∞—Ä–µ–ª—å—Å–∫–∏–π.  Apple Store - https://apps.apple.com/ca/app/—Å–æ–∫—Ä–æ–≤–∏—â–µ-–Ω–∞—Ü–∏–∏/id6462195279  Google Play - https://play.google.com/store/apps/details?id=com.Naad08.TreasureOfNation",2023-10-28 11:11:00,89,75,6216
1111,"–ü–ï–°–ù–ò –ù–ê–†–û–î–û–í –ö–ê–†–ï–õ–û-–§–ò–ù–°–ö–û–ô –°–°–† 1941 –ì–û–î. –°–±–æ—Ä–Ω–∏–∫ –∫–∞—Ä–µ–ª—å—Å–∫–∏—Ö, –≤–µ–ø—Å–∫–∏—Ö –∏ —Ä—É—Å—Å–∫–∏—Ö –ø–µ—Å–µ–Ω. –°–æ—Å—Ç–∞–≤–∏—Ç–µ–ª–∏: –í.–ü. –ì—É–¥–∫–æ–≤, –ù.–ù. –õ–µ–≤–∏.",2023-09-30 11:11:00,191,105,7404
1090,"KOULU≈†ANA≈†TO.  –®–∫–æ–ª—å–Ω–∞—è –ª–µ–∫—Å–∏–∫–∞, –Ω–∞ —Å–æ–±—Å—Ç–≤–µ–Ω–Ω–æ –∫–∞—Ä–µ–ª—å—Å–∫–æ–º –Ω–∞—Ä–µ—á–∏–∏  –∫–∞—Ä–µ–ª—å—Å–∫–æ–≥–æ —è–∑—ã–∫–∞. –°–æ—Å—Ç–∞–≤–∏—Ç–µ–ª—å: –í. –ö–∞—Ä–∞–∫–∏–Ω–∞",2023-09-01 11:11:00,125,45,6228
1087,–Æ–•–û –ö–£–Å–õ–ê. –õ–Æ–î–ò–ö–û–í–°–ö–ò–ô –°–õ–û–í–ê–†–¨ 1944 –≥–æ–¥. (–õ—é–¥–∏–∫–æ–≤—Å–∫–æ - —Ñ–∏–Ω—Å–∫–∏–π).,2023-08-05 11:11:00,67,14,4947
1063,"–°–õ–£–®–ê–Æ –ö–ê–†–ï–õ–¨–°–ö–ò–ô –ì–û–í–û–†, –û–ë–†–ê–ó–¶–´ –†–ï–ß–ò –î–Å–†–ñ–ê–ù–°–ö–ò–• –ò –í–ê–õ–î–ê–ô–°–ö–ò–• –ö–ê–†–ï–õ. –°–û–°–¢–ê–í–ò–¢–ï–õ–¨ –ê. –í. –ü–£–ù–ñ–ò–ù–ê.",2023-07-01 11:11:00,141,48,5788
1047,–î–ï–¢–°–ö–ê–Ø –û–ü–ï–†–ê. –ù–ê –ö–ê–†–ï–õ–¨–°–ö–û–ú - –§–ò–ù–°–ö–û–ú - –†–£–°–°–ö–û–ú –Ø–ó–´–ö–ê–•.,2023-04-01 11:11:00,66,12,5383
1019,KARIELAN ≈†ANA –ì–∞–∑–µ—Ç–∞ –¢–≤–µ—Ä—Å–∫–æ–π —Ä–µ–≥–∏–æ–Ω–∞–ª—å–Ω–æ–π –∞–≤—Ç–æ–Ω–æ–º–∏–∏ –¢–≤–µ—Ä—Å–∫–∏—Ö –∫–∞—Ä–µ–ª.,2023-02-04 11:11:00,58,17,5629
995,Marija Strizhak - YouTube,2022-11-05 11:11:00,195,52,6611
991,–°–ê–ú–ü–û. –†–£–ù–´ –ü–û–•–¨–Å–õ–´. VIII. –ë–µ–ª–∞—è —Ä—É–Ω–∞,2022-08-12 11:11:00,16,6,4614
989,–°–ê–ú–ü–û. –†–£–ù–´ –ü–û–•–¨–Å–õ–´. VII. –§–∏–æ–ª–µ—Ç–æ–≤–∞—è —Ä—É–Ω–∞.,2022-08-05 11:11:00,24,6,4322
988,–°–ê–ú–ü–û. –†–£–ù–´ –ü–û–•–¨–Å–õ–´. VI. –°–∏–Ω—è—è —Ä—É–Ω–∞.,2022-07-29 11:11:00,19,4,4049
976,–°–ê–ú–ü–û. –†–£–ù–´ –ü–û–•–¨–Å–õ–´. V. –ì–æ–ª—É–±–∞—è —Ä—É–Ω–∞.,2022-07-22 11:11:00,18,8,3706
972,–°–ê–ú–ü–û. –†–£–ù–´ –ü–û–•–¨–Å–õ–´. IV. –ó–µ–ª—ë–Ω–∞—è —Ä—É–Ω–∞.,2022-07-15 11:11:00,56,11,4283
969,–°–ê–ú–ü–û. –†–£–ù–´ –ü–û–•–¨–Å–õ–´. III. –ñ—ë–ª—Ç–∞—è —Ä—É–Ω–∞.,2022-07-08 11:11:00,50,8,3311
965,–°–ê–ú–ü–û. –†–£–ù–´ –ü–û–•–¨–Å–õ–´. II. –û—Ä–∞–Ω–∂–µ–≤–∞—è —Ä—É–Ω–∞.,2022-07-02 11:11:00,46,6,3542
957,–°–ê–ú–ü–û. –†–£–ù–´ –ü–û–•–¨–Å–õ–´.  I. –ö—Ä–∞—Å–Ω–∞—è —Ä—É–Ω–∞.,2022-06-25 11:11:00,50,18,4441
946,Marija Strizhak - YouTube,2022-04-23 11:11:00,130,60,5343
942,"–ì—Ä–æ–º–æ–≤–∞, –õ—é–¥–º–∏–ª–∞ –ì–µ–æ—Ä–≥–∏–µ–≤–Ω–∞.  –ü–æ–≥–æ–≤–æ—Ä–∏ —Å–æ –º–Ω–æ–π –ø–æ-–∫–∞—Ä–µ–ª—å—Å–∫–∏ - Pagauta milma karielak≈°i.  –ö–æ–º–º—É–Ω–∏–∫–∞—Ç–∏–≤–Ω—ã–π –∫—É—Ä—Å –æ–±—â–µ–Ω–∏—è –Ω–∞ —Ç–≤–µ—Ä—Å–∫–æ–º –∫–∞—Ä–µ–ª—å—Å–∫–æ–º —è–∑—ã–∫–µ.",2022-03-26 11:11:00,98,52,6157
911,"""–ñ–∏–∑–Ω—å –ò–∏—Å—É—Å–∞"" –Ω–∞ —Ç–≤–µ—Ä—Å–∫–æ–º –Ω–∞—Ä–µ—á–∏–∏ –∫–∞—Ä–µ–ª—å—Å–∫–æ–≥–æ —è–∑—ã–∫–∞, –ø–µ—Ä–µ–≤–æ–¥ –ü—É–Ω–∂–∏–Ω–∞ –ê.–í.",2022-01-07 11:11:00,99,33,6131
904,–≠–ª–µ–∫—Ç—Ä–æ–Ω–Ω–∞—è –≤–µ—Ä—Å–∏—è —Å–ª–æ–≤–∞—Ä—è –ü—É–Ω–∂–∏–Ω–æ–π –ê. –í.  https://punzhina.krc.karelia.ru,2021-11-27 11:11:00,94,42,6034
900,"Stuanovoine - –ë–∞–ª–∞–∫–∏—Ä–µ–≤ –ù–∏–∫–æ–ª–∞–π –ú–∏—Ö–∞–π–ª–æ–≤–∏—á + –ê—É–¥–∏–æ - –ö—É–∑–º–∏—á - –ë–∞–ª–∞–∫–∏—Ä–µ–≤, –ù–∏–∫–æ–ª–∞–π –ú–∏—Ö–∞–π–ª–æ–≤–∏—á",2021-11-06 11:11:00,107,58,6520
895,"‚ÄúAiga lugie i paissa karielak≈°i‚Äù ‚Äî –∫–Ω–∏–≥–∞ –¥–ª—è –æ–±—É—á–µ–Ω–∏—è  —á—Ç–µ–Ω–∏—é –∏ –≥–æ–≤–æ—Ä–µ–Ω–∏—é –Ω–∞ –∫–∞—Ä–µ–ª—å—Å–∫–æ–º —è–∑—ã–∫–µ (—Ç–≤–µ—Ä—Å–∫–æ–π  –≥–æ–≤–æ—Ä). –ü–æ—Å–æ–±–∏–µ –Ω–æ—Å–∏—Ç –∫—É–ª—å—Ç—É—Ä–æ–≤–µ–¥—á–µ—Å–∫–∏–π —Ö–∞—Ä–∞–∫—Ç–µ—Ä,  —Å–æ–¥–µ—Ä–∂–∏—Ç —Å–≤–µ–¥–µ–Ω–∏—è –æ –∫—É–ª—å—Ç—É—Ä–µ, –∏—Å—Ç–æ—Ä–∏–∏ –∏ —ç—Ç–Ω–æ–≥—Ä–∞—Ñ–∏–∏  –∫–∞—Ä–µ–ª. –ü—Ä–∏ —Å–æ–∑–¥–∞–Ω–∏–∏ —Ç–µ–∫—Å—Ç–æ–≤ —Å –º–∏–Ω–∏–º–∞–ª—å–Ω–æ–π –∞–¥–∞–ø—Ç–∞—Ü–∏–µ–π  –∏—Å–ø–æ–ª—å–∑–æ–≤–∞–ª–∏—Å—å —Å–ª–µ–¥—É—é—â–∏–µ –∏—Å—Ç–æ—á–Ω–∏–∫–∏:  –ú–∞–∫–∞—Ä–æ–≤ –ì.–ù., –û–±—Ä–∞–∑—Ü—ã –∫–∞—Ä–µ–ª—å—Å–∫–æ–π —Ä–µ—á–∏, 1963  H. ja –†. Virtaranta, Karjalan kielt√§j√§ kansankulttuuria, 1999  H. ja P. Virtaranta, Kauas l√§ksit karjalainen, 1986 –ú–∞—Ç–µ—Ä–∏–∞–ª –ø—Ä–µ–¥–æ—Å—Ç–∞–≤–∏–ª: –ê–õ–ï–ö–°–ê–ù–î–† –ë–£–õ–ö–ò–ù https://vk.com/karielane",2021-09-19 11:11:00,100,58,5894
890,–°–ö–ê–ó–ö–ê –û –†–´–ë–ê–ö–ï –ò –†–´–ë–ö–ï –° –ü–ï–†–ï–í–û–î–û–ú. –¢–†–ê–ù–°–õ–ò–¢–ï–†–ê–¶–ò–Ø –ù–ê –°–û–í–†–ï–ú–ï–ù–ù–´–ô –®–†–ò–§–¢ –ê–õ–ï–ö–°–ê–ù–î–† –ë–£–õ–ö–ò–ù https://vk.com/karielane,2021-09-01 11:11:00,68,27,5260
882,üìö –°–¢–ò–•–ò –° –ü–ï–†–ï–í–û–î–û–ú,2021-07-27 20:46:59,45,24,4900
871,https://www.youtube.com/watch?v=N3vu7yH6l9o&list=PLAorIbzNZoRQ-Br2x6bdvhsWD7OAb8s5t&index=11   https://www.youtube.com/watch?v=PDGibHMoP20&list=PLAorIbzNZoRQ-Br2x6bdvhsWD7OAb8s5t&index=12,2021-07-01 19:28:23,114,62,5123
870,https://www.youtube.com/watch?v=UWeySU7KXeo&list=PLAorIbzNZoRQ-Br2x6bdvhsWD7OAb8s5t   https://www.youtube.com/watch?v=WmLD_DhmJDA&list=PLAorIbzNZoRQ-Br2x6bdvhsWD7OAb8s5t&index=2   https://www.youtube.com/watch?v=4MXteOgHvWY&list=PLAorIbzNZoRQ-Br2x6bdvhsWD7OAb8s5t&index=3   https://www.youtube.com/watch?v=jP-nuW7nnno&list=PLAorIbzNZoRQ-Br2x6bdvhsWD7OAb8s5t&index=4   https://www.youtube.com/watch?v=KgE8mzDHSq0&list=PLAorIbzNZoRQ-Br2x6bdvhsWD7OAb8s5t&index=5   https://www.youtube.com/watch?v=t0_IW9CWyus&list=PLAorIbzNZoRQ-Br2x6bdvhsWD7OAb8s5t&index=6   https://www.youtube.com/watch?v=cxe7IviSvhE&list=PLAorIbzNZoRQ-Br2x6bdvhsWD7OAb8s5t&index=7   https://www.youtube.com/watch?v=Gl-MKFHUgIs&list=PLAorIbzNZoRQ-Br2x6bdvhsWD7OAb8s5t&index=8   https://www.youtube.com/watch?v=POsnxRZJD9Q&list=PLAorIbzNZoRQ-Br2x6bdvhsWD7OAb8s5t&index=9   https://www.youtube.com/watch?v=TSpm3xs0usY&list=PLAorIbzNZoRQ-Br2x6bdvhsWD7OAb8s5t&index=10,2021-07-01 19:27:27,212,170,8690
867,–õ–Æ–î–ò–ö–ò –†—É—Å—Å–∫–æ-–ª—é–¥–∏–∫–æ–≤—Å–∫–∏–π —Ä–∞–∑–≥–æ–≤–æ—Ä–Ω–∏–∫ –ú. –ü–∞—Ö–æ–º–æ–≤ –£—á–µ–±–Ω—ã–π —Å–ª–æ–≤–∞—Ä—å –ª–∏—Ç–µ—Ä–∞—Ç—É—Ä–Ω–æ–≥–æ –ª—é–¥–∏–∫–æ–≤—Å–∫–æ–≥–æ —è–∑—ã–∫–∞ –ú. –ü–∞—Ö–æ–º–æ–≤,2021-05-30 19:12:58,29,23,3688
866,"‚ú®–ó–Ω–∞–µ—Ç–µ –ª–∏ –í—ã, —á—Ç–æ –Ω–∞ –∫—É–ª—å—Ç—É—Ä–Ω—ã–µ –º–µ—Ä–æ–ø—Ä–∏—è—Ç–∏—è –≤ –≥–æ—Ä–æ–¥–µ –º–Ω–æ–≥–∏–µ —Ö–æ–¥—è—Ç —Å –ö–ê–†–ï–õ–¨–°–ö–ò–ú–ò –†–Æ–ö–ó–ê–ö–ê–ú–ò FOXXI? –ú–æ–∂–µ—Ç, —ç—Ç–æ –∏–º–µ–Ω–Ω–æ –í–´?  ‚ú®–£–ñ–ï 20 –ª–µ—Ç —à–≤–µ–π–Ω–æ–µ –ø—Ä–µ–¥–ø—Ä–∏—è—Ç–∏–µ –ø–æ –ø—Ä–æ–∏–∑–≤–æ–¥—Å—Ç–≤—É –ø–æ–≤—Å–µ–¥–Ω–µ–≤–Ω—ã—Ö —Ä—é–∫–∑–∞–∫–æ–≤ –∏ —Å—É–º–æ–∫ FOXXI –æ–ø—Ä–∞–≤–¥—ã–≤–∞–µ—Ç –¥–æ–≤–µ—Ä–∏–µ –ø–µ—Ç—Ä–æ–∑–∞–≤–æ–¥—á–∞–Ω –∏ –≥–æ—Å—Ç–µ–π –≥–æ—Ä–æ–¥–∞. –ò –¥–µ—Ç–∏, –∏ –≤–∑—Ä–æ—Å–ª—ã–µ –Ω–æ—Å—è—Ç –Ω–∞—à–∏ –∏–∑–¥–µ–ª–∏—è –ø–æ –Ω–µ—Å–∫–æ–ª—å–∫—É –ª–µ—Ç! –ü–æ—Å–º–æ—Ç—Ä–∏—Ç–µ –æ—Ç–∑—ã–≤—ã: https://vk.com/topic-203952555_47649808?offset=20  ‚ú®–°–ï–ô–ß–ê–° –º–Ω–æ–≥–∏–µ —Å–ø—Ä–∞—à–∏–≤–∞—é—Ç: ¬´–ì–¥–µ –≤—ã? –ù–µ –º–æ–∂–µ–º –≤–∞—Å –Ω–∞–π—Ç–∏!¬ª –¢–ï–ü–ï–†–¨ –º—ã –ø—Ä–æ–¥–∞–µ–º –Ω–∞—à–∏ —Ç–æ–≤–∞—Ä—ã –¢–û–õ–¨–ö–û –≤ –∏–Ω—Ç–µ—Ä–Ω–µ—Ç–µ: https://vk.com/market-203952555  ‚ú®–ú–´ –ø—Ä–µ–¥—Å—Ç–∞–≤–∏–ª–∏ –ø–æ–ª—é–±–∏–≤—à–∏–π—Å—è –∞—Å—Å–æ—Ä—Ç–∏–º–µ–Ω—Ç –ø–æ –û–ß–ï–ù–¨ —Å–Ω–∏–∂–µ–Ω–Ω—ã–º —Ü–µ–Ω–∞–º –∏ —Å–¥–µ–ª–∞–ª–∏ –ø–æ–∫—É–ø–∫—É –±—ã—Å—Ç—Ä–æ–π, —É–¥–æ–±–Ω–æ–π –∏ –±–µ–∑–æ–ø–∞—Å–Ω–æ–π.  ‚úÖ –í –ë–õ–ò–ñ–ê–ô–®–ï–ï –≤—Ä–µ–º—è –º—ã –ø–ª–∞–Ω–∏—Ä—É–µ–º —Å–æ–∑–¥–∞–Ω–∏–µ –Ω–æ–≤–æ–π –ª–∏–Ω–µ–π–∫–∏ —Ä—é–∫–∑–∞–∫–æ–≤ –° –ê–£–¢–ï–ù–¢–ò–ö–û–ô. –ü—Ä–æ–≥–æ–ª–æ—Å—É–π—Ç–µ –ª–∞–π–∫–æ–º –ø–æ–¥ —Ñ–æ—Ç–æ–ø—Ä–æ–µ–∫—Ç–æ–º —ç—Ç–∏—Ö —Ä—é–∫–∑–∞–∫–æ–≤, –µ—Å–ª–∏ –æ–Ω–∏ –≤–∞–º –ø–æ–Ω—Ä–∞–≤—è—Ç—Å—è.  ‚úÖ –ß—Ç–æ–±—ã —Ä–∞–∑–≤–∏–≤–∞—Ç—å—Å—è –≤ –Ω–æ–≤—ã—Ö —É—Å–ª–æ–≤–∏—è—Ö, –Ω–∞–º –æ—á–µ–Ω—å –Ω—É–∂–Ω–∞ –í–∞—à–∞ –ø–æ–¥–¥–µ—Ä–∂–∫–∞! –ü—Ä–∏—Å–æ–µ–¥–∏–Ω—è–π—Ç–µ—Å—å –∫ —Å–æ–æ–±—â–µ—Å—Ç–≤—É, –ø–æ–¥–¥–µ—Ä–∂–∏—Ç–µ —Å–≤–æ–µ–≥–æ –ø—Ä–æ–∏–∑–≤–æ–¥–∏—Ç–µ–ª—è! üëâhttps://vk.com/foxxi_shop  üíï–° –ª—é–±–æ–≤—å—é –∫ –í–∞–º, FOXXI",2021-05-25 12:00:09,17,12,2771
864,"–¢–µ–∫—Å—Ç—ã –Ω–∞ –∫–∞—Ä–µ–ª—å—Å–∫–æ–º —è–∑—ã–∫ —Å –ø–µ—Ä–µ–≤–æ–¥–æ–º –Ω–∞ —Ä—É—Å—Å–∫–∏–π.  –õ–∏–≤–≤–∏–∫–æ–≤—Å–∫–æ–µ –Ω–∞—Ä–µ—á–∏–µ. –í–µ–¥–ª–æ–∑–µ—Ä—Å–∫–∏–π, –¢—É–ª–º–æ–∑–µ—Ä—Å–∫–∏–π, –í–∏–¥–ª–∏—Ü–∫–∏–π, –†—ã–ø—É—à–∫–∞–ª—å—Å–∫–∏–π, –ù–µ–∫–∫—É–ª—å—Å–∫–∏–π.  –ò—Å—Ç–æ—á–Ω–∏–∫–∏:  –ì.–ù. –ú–∞–∫–∞—Ä–æ–≤, –í.–î. –†—è–≥–æ–µ–≤, –û–±—Ä–∞–∑—Ü—ã –∫–∞—Ä–µ–ª—å—Å–∫–æ–π —Ä–µ—á–∏. –ì–æ–≤–æ—Ä—ã –ª–∏–≤–≤–∏–∫–æ–≤—Å–∫–æ–≥–æ –¥–∏–∞–ª–µ–∫—Ç–∞ –∫–∞—Ä–µ–ª—å—Å–∫–æ–≥–æ —è–∑—ã–∫–∞, (1969). –í. E. –ó–ª–æ–±–∏–Ω–∞. –§–æ–Ω–µ—Ç–∏–∫–∞ –æ–ª–æ–Ω–µ—Ü–∫–æ–≥–æ –≥–æ–≤–æ—Ä–∞ –∫–∞—Ä–µ–ª—å—Å–∫–æ–≥–æ —è–∑—ã–∫–∞. –û–±—Ä–∞–∑—Ü—ã –≥–æ–≤–æ—Ä–∞. –ê–≤—Ç–æ—Ä–µ—Ñ. –¥–∏—Å—Å. –Ω–∞ —Å–æ–∏—Å–∫–∞–Ω–∏–µ —É—á–µ–Ω–æ–π —Å—Ç–µ–ø–µ–Ω–∏ –∫–∞–Ω–¥. —Ñ–∏–ª–æ–ª. –Ω–∞—É–∫, –ü–µ—Ç—Ä–æ–∑–∞–≤–æ–¥—Å–∫, 1948. –°",2021-05-16 10:35:00,33,18,3515
857,–†–∞–∑–≥–æ–≤–æ—Ä—ã –Ω–∞ –∫–∞—Ä–µ–ª—å—Å–∫–æ–º —è–∑—ã–∫–µ.  –õ—é–¥–∏–∫–∏.,2021-05-02 18:53:07,57,31,4252
856,"–¢–µ–∫—Å—Ç—ã –Ω–∞ –∫–∞—Ä–µ–ª—å—Å–∫–æ–º —è–∑—ã–∫ —Å –ø–µ—Ä–µ–≤–æ–¥–æ–º –Ω–∞ —Ä—É—Å—Å–∫–∏–π. –°–æ–±—Å—Ç–≤–µ–Ω–Ω–æ –∫–∞—Ä–µ–ª—å—Å–∫–æ–µ –Ω–∞—Ä–µ—á–∏–µ - –í–µ—Å—å–µ–≥–æ–Ω—Å–∫–∏–π –°–æ–±—Å—Ç–≤–µ–Ω–Ω–æ –∫–∞—Ä–µ–ª—å—Å–∫–æ–µ –Ω–∞—Ä–µ—á–∏–µ - –î—ë—Ä–∂–∞–Ω—Å–∫–∏–π.  –ò—Å—Ç–æ—á–Ω–∏–∫:  –ì.–ù. –ú–∞–∫–∞—Ä–æ–≤, –û–±—Ä–∞–∑—Ü—ã –∫–∞—Ä–µ–ª—å—Å–∫–æ–π —Ä–µ—á–∏. –ö–∞–ª–∏–Ω–∏–Ω—Å–∫–∏–µ –≥–æ–≤–æ—Ä—ã –ù–æ–≤–∞–∫ –ò.–ü., –¢–≤–µ—Ä—Å–∫–∏–µ –¥–∏–∞–ª–µ–∫—Ç—ã –∫–∞—Ä–µ–ª—å—Å–∫–æ–≥–æ —è–∑—ã–∫–∞: –§–æ–Ω–µ—Ç–∏–∫–∞. –§–æ–Ω–æ–ª–æ–≥–∏—è",2021-04-18 11:00:03,35,15,3552
854,"–í–æ–∫–Ω–∞–≤–æ–ª–æ–∫—Å–∫–∏–π –∂–µ–Ω—Å–∫–∏–π –∫–ª—É–± ""ILO"", –°–∫–∞–∑–∫–∞ ""–¢–µ—Ä–µ–º–æ–∫"" –Ω–∞ –∫–∞—Ä–µ–ª—å—Å–∫–æ–º —è–∑—ã–∫–µ.",2021-04-01 13:27:31,71,20,3992
852,–õ—é–¥–º–∏–ª–∞ –§—ë–¥–æ—Ä–æ–≤–Ω–∞ –ú–∞—Ä–∫–∏–∞–Ω–æ–≤–∞ –∫–∞—Ä–µ–ª—å—Å–∫–∏–π –ª–∏–Ω–≥–≤–∏—Å—Ç –∏ –∑–∞—Å–ª—É–∂–µ–Ω–Ω—ã–π –ø—Ä–æ—Ñ–µ—Å—Å–æ—Ä. –ú–∞—Ç–µ—Ä–∏–∞–ª –ø—Ä–µ–¥–æ—Å—Ç–∞–≤–∏–ª –ê–ª–µ–∫—Å–µ–π –ê–Ω–∞–Ω—å–µ–≤ –µ–≥–æ —Ç–µ–ª–µ–≥—Ä–∞–º–º –∫–∞–Ω–∞–ª: https://t.me/karjalan_kielioppi,2021-03-13 10:51:04,20,16,3132
850,"–ö–∞—Ä–µ–ª—å—Å–∫–∏–µ —ç–ø–∏—á–µ—Å–∫–∏–µ –ø–µ—Å–Ω–∏. –í.–Ø. –ï–≤—Å–µ–µ–≤  –ú–æ—Å–∫–≤–∞, –õ–µ–Ω–∏–Ω–≥—Ä–∞–¥, –ê–ù –°–°–°–†, –ö–∞—Ä–µ–ª–æ‚Äì—Ñ–∏–Ω—Å–∫–∏–π —Ñ–∏–ª–∏–∞–ª, 1950 –≥–æ–¥.",2021-02-23 14:40:29,44,24,4366
849,"–¢–µ–∫—Å—Ç—ã –Ω–∞ –∫–∞—Ä–µ–ª—å—Å–∫–æ–º —è–∑—ã–∫ —Å –ø–µ—Ä–µ–≤–æ–¥–æ–º –Ω–∞ —Ä—É—Å—Å–∫–∏–π.  –õ–∏–≤–≤–∏–∫–æ–≤—Å–∫–æ–µ –Ω–∞—Ä–µ—á–∏–µ - –°—è–º–æ–∑–µ—Ä—Å–∫–∏–π.  –ò—Å—Ç–æ—á–Ω–∏–∫: –ì.–ù. –ú–∞–∫–∞—Ä–æ–≤, –í.–î. –†—è–≥–æ–µ–≤, –û–±—Ä–∞–∑—Ü—ã –∫–∞—Ä–µ–ª—å—Å–∫–æ–π —Ä–µ—á–∏. –ì–æ–≤–æ—Ä—ã –ª–∏–≤–≤–∏–∫–æ–≤—Å–∫–æ–≥–æ –¥–∏–∞–ª–µ–∫—Ç–∞ –∫–∞—Ä–µ–ª—å—Å–∫–æ–≥–æ —è–∑—ã–∫–∞, (1969).",2021-02-07 11:00:04,44,31,4230
823,"–¢–µ–∫—Å—Ç—ã –Ω–∞ –∫–∞—Ä–µ–ª—å—Å–∫–æ–º —è–∑—ã–∫ —Å –ø–µ—Ä–µ–≤–æ–¥–æ–º –Ω–∞ —Ä—É—Å—Å–∫–∏–π. –õ—é–¥–∏–∫–æ–≤—Å–∫–æ–µ –Ω–∞—Ä–µ—á–∏–µ (–ù–æ–≤–æ–ø–∏—Å—å–º–µ–Ω–Ω—ã–π –ª—é–¥–∏–∫–æ–≤—Å–∫–∏–π).  –ò—Å—Ç–æ—á–Ω–∏–∫: –°–æ—Å—Ç. –ù. –ö–æ–≤–∞–ª—å—á—É–∫, –†—É—Å—Å–∫–æ-–∫–∞—Ä–µ–ª—å—Å–∫–∏–π —Ä–∞–∑–≥–æ–≤–æ—Ä–Ω–∏–∫ (–Ω–∞ –ª—é–¥–∏–∫–æ–≤—Å–∫–æ–º –Ω–∞—Ä–µ—á–∏–∏ –∫–∞—Ä–µ–ª—å—Å–∫–æ–≥–æ —è–∑—ã–∫–∞) - Ven‚Äôalai-kard‚Äôalaine paginsanaknuug (lyydik≈°), (2017).",2021-01-23 11:25:00,30,18,3839
819,"–¢–µ–∫—Å—Ç—ã –Ω–∞ –∫–∞—Ä–µ–ª—å—Å–∫–æ–º —è–∑—ã–∫ —Å –ø–µ—Ä–µ–≤–æ–¥–æ–º –Ω–∞ —Ä—É—Å—Å–∫–∏–π. –°–æ–±—Å—Ç–≤–µ–Ω–Ω–æ –∫–∞—Ä–µ–ª—å—Å–∫–æ–µ –Ω–∞—Ä–µ—á–∏–µ - –¢–æ–ª–º–∞—á–µ–≤—Å–∫–∏–π –≥–æ–≤–æ—Ä.  –ò—Å—Ç–æ—á–Ω–∏–∫–∏:   –ö—É–ª—å—Ç—É—Ä–∞ –ø–æ–≤—Å–µ–¥–Ω–µ–≤–Ω–æ—Å—Ç–∏ –∫–∞—Ä–µ–ª—å—Å–∫–æ–π —Å–µ–º—å–∏ (–∫–æ–Ω–µ—Ü XIX - –ø–µ—Ä–≤–∞—è —Ç—Ä–µ—Ç—å –•–• –≤.), (2014). –ù–æ–≤–∞–∫ –ò.–ü., –¢–≤–µ—Ä—Å–∫–∏–µ –¥–∏–∞–ª–µ–∫—Ç—ã –∫–∞—Ä–µ–ª—å—Å–∫–æ–≥–æ —è–∑—ã–∫–∞: –§–æ–Ω–µ—Ç–∏–∫–∞. –§–æ–Ω–æ–ª–æ–≥–∏—è, (2016). –ì.–ù. –ú–∞–∫–∞—Ä–æ–≤, –û–±—Ä–∞–∑—Ü—ã –∫–∞—Ä–µ–ª—å—Å–∫–æ–π —Ä–µ—á–∏. –ö–∞–ª–∏–Ω–∏–Ω—Å–∫–∏–µ –≥–æ–≤–æ—Ä—ã, (1963).",2021-01-05 11:00:00,44,18,3891
813,"–í –∫–Ω–∏–≥–µ –ø—Ä–µ–¥—Å—Ç–∞–≤–ª–µ–Ω—ã –≤—Å–µ –∂–∞–Ω—Ä—ã –∫–∞—Ä–µ–ª—å—Å–∫–æ–≥–æ —Ñ–æ–ª—å–∫–ª–æ—Ä–∞: –ø–µ—Å–µ–Ω–Ω—ã–µ, –ø—Ä–æ–∑–∞–∏—á–µ—Å–∫–∏–µ, –¥–µ—Ç—Å–∫–∏–π —Ñ–æ–ª—å–∫–ª–æ—Ä, –ø–æ—Å–ª–æ–≤–∏—Ü—ã, –ø–æ–≥–æ–≤–æ—Ä–∫–∏, –∑–∞–≥–∞–¥–∫–∏. –¢–µ–∫—Å—Ç—ã –ø—É–±–ª–∏–∫—É—é—Ç—Å—è –Ω–∞ —è–∑—ã–∫–µ –æ—Ä–∏–≥–∏–Ω–∞–ª–∞ –∏ –≤ –ø–µ—Ä–µ–≤–æ–¥–µ –Ω–∞ —Ä—É—Å—Å–∫–∏–π —è–∑—ã–∫.",2020-12-20 10:35:00,54,14,4042
807,"–ö–∞—Ä–µ–ª—å—Å–∫–∏–µ –ø–æ—Å–ª–æ–≤–∏—Ü—ã, –ø–æ–≥–æ–≤–æ—Ä–∫–∏, –∑–∞–≥–∞–¥–∫–∏.  –° –ø–µ—Ä–µ–≤–æ–¥–æ–º. –°–æ—Å—Ç–∞–≤–∏—Ç–µ–ª—å –ú–∞–∫–∞—Ä–æ–≤ –ì. –ù. 1959 –≥–æ–¥.",2020-12-05 11:00:05,48,18,4204
792,–ö–∞—Ä–µ–ª—å—Å–∫–∏–µ –Ω–∞—Ä–æ–¥–Ω—ã–µ —Å–∫–∞–∑–∫–∏ / Karjalaisie rahvahan starinoj –ú–µ—Ç–æ–¥ –æ–±—É—á–∞—é—â–µ–≥–æ —á—Ç–µ–Ω–∏—è –ò–ª—å–∏ –§—Ä–∞–Ω–∫–∞,2020-11-14 10:00:06,45,11,3950
787,"–£—á–µ–±–Ω–∏–∫–∏ –∫–∞—Ä–µ–ª—å—Å–∫–æ–≥–æ —è–∑—ã–∫–∞ –¥–ª—è 6 –∫–ª–∞—Å—Å–∞, 2020 –≥–æ–¥.",2020-10-24 14:16:10,42,13,4187
785,–í.–ì. –ú–∞–∫–∞—Ä–æ–≤. –ö–∞—Ä–µ–ª—å—Å–∫–∏–µ –ø–æ—Å–ª–æ–≤–∏—Ü—ã –∏ –ø–æ–≥–æ–≤–æ—Ä–∫–∏. –ù–∞ –ª–∏–≤–≤–∏–∫–æ–≤—Å–∫–æ–º –∏ —Å–æ–±—Å—Ç–≤–µ–Ω–Ω–æ-–∫–∞—Ä–µ–ª—å—Å–∫–æ–º –Ω–∞—Ä–µ—á–∏—è—Ö –∏ —Ä—É—Å—Å–∫–æ–º —è–∑—ã–∫–∞—Ö.,2020-10-04 11:00:07,34,17,4100
780,"–ö–Ω–∏–≥–∏ –ù–æ–≤–æ–≥–æ –ó–∞–≤–µ—Ç–∞ –Ω–∞ –∫–∞—Ä–µ–ª—å—Å–∫–æ–º —è–∑—ã–∫–µ (—Å–µ–≤–µ—Ä–Ω–æ–∫–∞—Ä–µ–ª—å—Å–∫–∏–π –¥–∏–∞–ª–µ–∫—Ç).  –¢–µ–∫—Å—Ç —Å –ø–µ—Ä–µ–≤–æ–¥–æ–º –Ω–∞ —Ä—É—Å—Å–∫–∏–π —è–∑—ã–∫, –∞—É–¥–∏–æ –Ω–∞ –∫–∞—Ä–µ–ª—å—Å–∫–æ–º.  –ß–∞—Å—Ç—å 3.",2020-09-15 20:17:00,31,8,3567
779,"–ö–Ω–∏–≥–∏ –ù–æ–≤–æ–≥–æ –ó–∞–≤–µ—Ç–∞ –Ω–∞ –∫–∞—Ä–µ–ª—å—Å–∫–æ–º —è–∑—ã–∫–µ (—Å–µ–≤–µ—Ä–Ω–æ–∫–∞—Ä–µ–ª—å—Å–∫–∏–π –¥–∏–∞–ª–µ–∫—Ç).  –¢–µ–∫—Å—Ç —Å –ø–µ—Ä–µ–≤–æ–¥–æ–º –Ω–∞ —Ä—É—Å—Å–∫–∏–π —è–∑—ã–∫, –∞—É–¥–∏–æ –Ω–∞ –∫–∞—Ä–µ–ª—å—Å–∫–æ–º.  –ß–∞—Å—Ç—å 2.",2020-09-15 20:16:00,22,5,3166
778,"–ö–Ω–∏–≥–∏ –ù–æ–≤–æ–≥–æ –ó–∞–≤–µ—Ç–∞ –Ω–∞ –∫–∞—Ä–µ–ª—å—Å–∫–æ–º —è–∑—ã–∫–µ (—Å–µ–≤–µ—Ä–Ω–æ–∫–∞—Ä–µ–ª—å—Å–∫–∏–π –¥–∏–∞–ª–µ–∫—Ç). –¢–µ–∫—Å—Ç —Å –ø–µ—Ä–µ–≤–æ–¥–æ–º –Ω–∞ —Ä—É—Å—Å–∫–∏–π —è–∑—ã–∫, –∞—É–¥–∏–æ –Ω–∞ –∫–∞—Ä–µ–ª—å—Å–∫–æ–º. –ß–∞—Å—Ç—å 1.",2020-09-15 20:15:01,19,8,2660
772,–°–ö–ê–ó–ö–ò –ù–ê –ö–ê–†–ï–õ–¨–°–ö–û–ú –Ø–ó–´–ö–ï –° –ü–ï–†–ï–í–û–î–û–ú. –ß–∞—Å—Ç—å 3.,2020-08-20 18:05:24,40,14,3684
771,–°–ö–ê–ó–ö–ò –ù–ê –ö–ê–†–ï–õ–¨–°–ö–û–ú –Ø–ó–´–ö–ï –° –ü–ï–†–ï–í–û–î–û–ú. –ß–∞—Å—Ç—å 2.,2020-08-01 18:06:02,34,12,3513
770,–°–ö–ê–ó–ö–ò –ù–ê –ö–ê–†–ï–õ–¨–°–ö–û–ú –Ø–ó–´–ö–ï –° –ü–ï–†–ï–í–û–î–û–ú. –ß 1.,2020-07-15 20:19:57,86,14,3835
766,–†–µ–∑—É–ª—å—Ç–∞—Ç—ã –æ–ø—Ä–æ—Å–∞ –±—É–¥—É –∏—Å–ø–æ–ª—å–∑–æ–≤–∞–Ω—ã –¥–ª—è –Ω–∞—É—á–Ω–æ–π —Å—Ç–∞—Ç—å–∏. –ù–∞—Ç–∞–ª—å–µ–π –ù–µ—Ä–∞—Å—Ç–µ–Ω–∫–æ  https://vk.com/id141557029,2020-06-24 11:00:03,25,2,3251
761,"–û–ª—å–≥–∞ –û–≥–Ω–µ–≤–∞, –ê–ª–µ–∫—Å–µ–π –ö–æ–Ω–∫–∫–∞. –ü—Ä–∞–∑–¥–Ω–∏–∫–∏ –∏ –±—É–¥–Ω–∏: –∫–∞—Ä–µ–ª—å—Å–∫–∏–π –Ω–∞—Ä–æ–¥–Ω—ã–π –∫–∞–ª–µ–Ω–¥–∞—Ä—å (Pyh√§t da arret: karjalaine rahvahankalendari). –ò–∑–¥. 2-–µ, –∏—Å–ø., –¥–æ–ø. –ü–µ—Ç—Ä–æ–∑–∞–≤–æ–¥—Å–∫: Verso, 2013. 336 —Å.",2020-05-26 17:35:52,32,8,3840
747,–ú–ï–¢–û–î–ò–ß–ï–°–ö–ò–ï –ú–ê–¢–ï–†–ò–ê–õ–´ –î–õ–Ø –î–û–£ (–õ–ò–í–í–ò–ö–ò),2020-04-11 12:57:01,15,5,3575
741,–£–ß–ï–ë–ù–ò–ö–ò –ò–ó–î–ê–ù–ù–´–ï –ü–û–°–õ–ï 1991 –ì–û–î–ê. –õ–∏–≤–≤–∏–∫–æ–≤—Å–∫–æ–µ –Ω–∞—Ä–µ—á–∏–µ.,2020-03-01 09:18:25,74,26,4755
734,–£–ß–ï–ë–ù–ò–ö–ò –ò–ó–î–ê–ù–ù–´–ï –ü–û–°–õ–ï 1991 –ì–û–î–ê. –°–æ–±—Å—Ç–≤–µ–Ω–Ω–æ –∫–∞—Ä–µ–ª—å—Å–∫–æ–µ –Ω–∞—Ä–µ—á–∏–µ.,2020-02-02 14:38:33,88,15,4002
733,–£–ß–ï–ë–ù–ò–ö–ò –ò–ó–î–ê–ù–ù–´–ï –î–û 1991 –ì–û–î–ê. –ú–µ—Ç–æ–¥–∏—á–µ—Å–∫–∏–µ –º–∞—Ç–µ—Ä–∏–∞–ª—ã.,2020-02-02 14:36:47,33,4,3019
719,–£–ß–ï–ë–ù–ò–ö–ò –ò–ó–î–ê–ù–ù–´–ï –î–û 1991 –ì–û–î–ê,2020-01-12 15:45:17,34,5,3409
707,–¢–≤–µ—Ä—Å–∫–∞—è –æ–±–ª–∞—Å—Ç—å - —Ä–∞–º–µ—à–∫–æ–≤—Å–∫–∏–π —Ä–∞–π–æ–Ω - –Ω–∏–∫–æ–ª—å—Å–∫–∏–π —Å–µ–ª—å—Å–∫–∏–π –æ–∫—Ä—É–≥. –í–Ω–∏–º–∞–Ω–∏–µ –ø—Ä–∏—Å—É—Ç—Å—Ç–≤—É–µ—Ç –Ω–µ –Ω–æ—Ä–º–∞—Ç–∏–≤–Ω–∞—è –ª–µ–∫—Å–∏–∫–∞!,2019-12-01 18:34:27,82,17,4253
702,"Lugiekkua da kuunnelgua Boris Sergunenkovan ≈°uarnua tverinkarielak≈°i  KONDIE !    Eli-oli kondie. Kerran a≈°tuu hi√§n meƒçƒçi√§ my√∂t‚Äô. N√§g√∂y, j√§nis‚Äô iƒçƒçiell√§ varoin kodie srojiu.  ‚Äì Ana, j√§nis‚Äô, autan ≈°iula!  Otti hirren, rubei yl√§h no≈°tamah da i rikko kojin, v√§hi√§ vain j√§nist√§ ei tappan.  Itk√∂y j√§nis‚Äô:  ‚ÄìRikoit ≈°ie, kondie, miun kojin!  L√§ksi kondie edemm√§. N√§g√∂y, rebo jove≈°ta pi√§liƒçƒçi ≈°ildua srojiu, ei taho omua h√§ndi√§ veje≈°≈°√§ ka≈°tua. A revolla h√§nd√§ on ≈°uuri da p√∂rh√§kk√§!  ‚Äì Ana, rebo, autan!  Kondie vain harpai ≈°illalla, ≈°ilda i hu≈æahti. Langei rebo vedeh: ka mity≈° h√§nd√§ t√§≈°≈°√§, kuin bi vain iƒçƒçiell√§ eloh ji√§h√§!  Itk√∂y rebo:  ‚Äì Rikoit ≈°ie, kondie, miun ≈°illan!  L√§ksi kondie edemm√§. N√§g√∂y, broni omie lap≈°ie pe≈æo≈°≈°a lied≈æuttau.  ‚Äì Ana, broni, mie ≈°iun lap≈°ie lied≈æutan!  Lied≈æahutti pe≈æon, langettih broninpoigazet pe≈æo≈°ta, v√§hi√§ ei ≈°attuaƒçettu.  Ravizou broni:  ‚Äì Oh, ≈°ie, kondie! Oh, ≈°ie, pahalane! Ei ≈°ua ≈°iula toizilla auttua, niin parembi iƒçƒçiell√§ auta!  Viidi kondie meƒç√§≈°t√§, a h√§nell√§ va≈°tah tulou ohotnikka ru≈æjanke.  ≈†anou kondie ohotnikalla:  ‚Äì En taho en√§mbi t√§ll√§ ilmalla eli√§. Ammu milma!  Kuundeli ohotnikka kondien, ambu ru≈æja≈°ta taivahah da i ≈°anou:  ‚ÄìHyppi√§, kondiene, meƒçƒç√§h! Ei viel√§ tullun aiga ≈°iula kuolla! Kon≈æa lieu ≈æe aiga, ≈°illoin i va≈°tuaƒçemma.",2019-11-22 20:15:29,69,15,4024
700,–£–ß–ï–ë–ù–ò–ö –ü–û –ê–†–ò–§–ú–ï–¢–ò–ö–ï –ò–ó–î–ê–ù–ù–´–ï –î–û 1991 –ì–û–î–ê,2019-11-10 15:07:19,26,3,3019
696,–£–ß–ï–ë–ù–ò–ö–ò –ü–û –ì–ï–û–ì–†–ê–§–ò–ò –ò–ó–î–ê–ù–ù–´–ï –î–û 1991 –≥–æ–¥–∞.,2019-10-04 20:02:28,18,5,2708
683,"–£–ß–ï–ë–ù–ò–ö–ò –ö–ê–†–ï–õ–¨–°–ö–û–ì–û –Ø–ó–´–ö–ê, –®–ö–û–õ–¨–ù–´–ï –°–õ–û–í–ê–†–ò, –°–ü–†–ê–í–û–ß–ù–ò–ö–ò –¥–æ 1991 –≥–æ–¥–∞. (–ß. 2)",2019-08-11 12:57:24,148,25,4864
674,"–£–ß–ï–ë–ù–ò–ö–ò –ö–ê–†–ï–õ–¨–°–ö–û–ì–û –Ø–ó–´–ö–ê, –®–ö–û–õ–¨–ù–´–ï –°–õ–û–í–ê–†–ò, –°–ü–†–ê–í–û–ß–ù–ò–ö–ò –¥–æ 1991 –≥–æ–¥–∞. (–ß. 1)",2019-06-15 19:41:21,213,26,6865
663,"–ö–ù–ò–ì–ò –î–õ–Ø –ß–¢–ï–ù–ò–Ø (–±—É–∫–≤–∞—Ä–∏, –∞–∑–±—É–∫–∏, —Ö—Ä–µ—Å—Ç–æ–º–∞—Ç–∏–∏), –¥–æ 1991 –≥–æ–¥–∞.  —á–∞—Å—Ç—å 3.",2019-03-31 13:16:47,53,9,4913
662,"–ö–ù–ò–ì–ò –î–õ–Ø –ß–¢–ï–ù–ò–Ø (–±—É–∫–≤–∞—Ä–∏, –∞–∑–±—É–∫–∏, —Ö—Ä–µ—Å—Ç–æ–º–∞—Ç–∏–∏), –¥–æ 1991 –≥–æ–¥–∞.  —á–∞—Å—Ç—å 2.",2019-03-31 13:16:00,36,8,4171
661,"–ö–ù–ò–ì–ò –î–õ–Ø –ß–¢–ï–ù–ò–Ø (–±—É–∫–≤–∞—Ä–∏, –∞–∑–±—É–∫–∏, —Ö—Ä–µ—Å—Ç–æ–º–∞—Ç–∏–∏), –¥–æ 1991 –≥–æ–¥–∞. —á–∞—Å—Ç—å 1.",2019-03-31 13:15:14,61,11,4479
656,–ë–ª–∞–≥–æ–¥–∞—Ä–∏–º –∑–∞ —Ç—Ä—É–¥!,2019-02-12 18:45:57,34,4,3538
652,–ü–û–°–õ–û–í–ò–¶–´ –° –ü–ï–†–ï–í–û–î–û–ú (–õ–ê–¢–ò–ù–ò–¶–ê) –ß–ê–°–¢–¨ 2.,2018-12-08 15:28:25,13,3,3719
648,"–°–º–∏—Ä–Ω–æ–≤ –ü.–ü. –ó–∞ –∫–æ–ª—Ö–æ–∑—ã –±—É–∫–≤–∞—Ä—å –¥–ª—è –≤–∑—Ä–æ—Å–ª—ã—Ö 1931 –≥–æ–¥ –ö–Ω–∏–≥–∞ –¥–ª—è —á—Ç–µ–Ω–∏—è –¥–ª—è 2 –≥. –æ–±—É—á–µ–Ω–∏—è –°–º–∏—Ä–Ω–æ–≤ –í., –ë–µ–ª—è–∫–æ–≤ –ê. ,–¶–µ–∫–µ–µ–≤ –í 1932 –≥–æ–¥",2018-12-01 11:47:14,11,2,3280
641,–ê–Ω–∏—Å–∏–º–æ–≤ –ù.–ê. –≥—Ä–∞–º–º–∞—Ç–∏–∫–∞ –∫–∞—Ä–µ–ª—å—Å–∫–æ–≥–æ —è–∑—ã–∫–∞ 1939 –≥–æ–¥,2018-11-25 17:30:13,24,5,3870
637,–£–≤–∞–∂–∞–µ–º—ã–µ –ø–æ–¥–ø–∏—Å—á–∏–∫–∏! –£ –Ω–∞—Å —Ç–∞–∫–∂–µ –ø–æ—è–≤–∏–ª–∏—Å—å –∫–∞–Ω–∞–ª—ã –≤:  Whatsapp  https://chat.whatsapp.com/It7BPJ7aAq473JfE0ineaN  Viber https://invite.viber.com/?g2=AQBkN0rwasjR40ihVwjASbllelO%2FUNViKiaBegSrQ0lBQGzKe0EKP93rnpcGfZ1U  ICQ https://icq.com/chat/AoLE65td54iPFjpFFTw  Telegram https://t.me/karjalan_kieli (–£—á–∏–º –ö–∞—Ä–µ–ª—å—Å–∫–∏–π –Ø–∑—ã–∫)  –¢–∞–º –≤—ã —Ç–∞–∫–∂–µ —Å–º–æ–∂–µ—Ç–µ –Ω–∞–π—Ç–∏ –≤–µ—Å—å —É—á–µ–±–Ω—ã–π –º–∞—Ç–µ—Ä–∏–∞–ª.,2018-11-05 16:41:56,46,8,8227
631,–û –í–†–ï–ú–ï–ù–ê–• –ì–û–î–ê –° –ü–ï–†–ï–í–û–î–û–ú (–õ–ê–¢–ò–ù–ò–¶–ê),2018-04-28 12:20:39,20,4,4079
630,–û –ü–†–ò–†–û–î–ï –ù–ê –ö–ê–†–ï–õ–¨–°–ö–û–ú –° –ü–ï–†–ï–í–û–î–û–ú (–õ–ê–¢–ò–ù–ò–¶–ê),2018-04-21 20:31:29,17,3,3898
628,–ü–û–°–õ–û–í–ò–¶–´ –° –ü–ï–†–ï–í–û–î–û–ú (–õ–ê–¢–ò–ù–ò–¶–ê) –ß–ê–°–¢–¨ 1,2018-04-09 20:05:22,17,4,4056
623,–ü–ï–°–ù–ò –ù–ê –ö–ê–†–ï–õ–¨–°–ö–û–ú –° –ü–ï–†–ï–í–û–î–û–ú (–õ–ê–¢–ò–ù–ò–¶–ê),2018-03-24 09:41:41,20,4,3803
622,–ü–†–ò–ß–ò–¢–ê–ù–ò–Ø –ù–ê –ö–ê–†–ï–õ–¨–°–ö–û–ú –° –ü–ï–†–ï–í–û–î–û–ú (–õ–ê–¢–ò–ù–ò–¶–ê),2018-03-24 09:41:12,16,4,3365
618,–†–£–ù–´ –ù–ê –ö–ê–†–ï–õ–¨–°–ö–û–ú –Ø–ó–´–ö–ï –° –ü–ï–†–ï–í–û–î–û–ú.,2018-03-17 09:56:18,27,6,3542
617,"–ü–†–û–§. –î. –ë–£–ë–†–ò–•. –ì–†–ê–ú–ú–ê–¢–ò–ö–ê –ö–ê–†–ï–õ–¨–°–ö–û–ì–û –Ø–ó–´–ö–ê. (–§–û–ù–ï–¢–ò–ö–ê, –ú–û–†–§–û–õ–û–ì–ò–Ø), –ü–µ—Ç—Ä–æ–∑–∞–≤–æ–¥—Å–∫ 1937",2018-03-17 09:54:57,29,5,3117
610,–°–ö–ê–ó–ö–ò –ò –°–¢–ò–•–ò –ù–ê –ö–ê–†–ï–õ–¨–°–ö–û–ú –Ø–ó–´–ö–ï –° –ü–ï–†–ï–í–û–î–û–ú,2018-03-06 10:39:10,41,12,4044
604,"–°–ö–ê–ó–ö–ò –î–Ø–î–Æ–®–ö–ò –†–ò–ú–£–°–ê. –ù–ê –ö–ê–†–ï–õ–¨–°–ö–û–ú –Ø–ó–´–ö–ï, –ö–ò–†–ò–õ–ò–¶–ê.",2018-02-10 10:31:18,46,17,4021
583,–£–í–ê–ñ–ê–ï–ú–´–ï –ü–û–î–ü–ò–°–ß–ò–ö–ò!  –ú—ã –æ—Ç–∫—Ä—ã–ª–∏ –∫–∞–Ω–∞–ª –≤ TELEGRAM https://t.me/karjalan_kieli  @—É—á–∏–º –∫–∞—Ä–µ–ª—å—Å–∫–∏–π —è–∑—ã–∫ –¢–∞–º –≤—ã —Ç–∞–∫–∂–µ —Å–º–æ–∂–µ—Ç–µ –Ω–∞–π—Ç–∏ –≤–µ—Å—å —É—á–µ–±–Ω—ã–π –º–∞—Ç–µ—Ä–∏–∞–ª.,2018-01-24 19:30:42,24,7,4075
580,"–°–ö–ê–ó–ö–ò –ê–ù–î–ï–†–°–ï–ù–ê –ù–ê –ö–ê–†–ï–õ–¨–°–ö–û–ú –Ø–ó–´–ö–ï, –ö–ò–†–ò–õ–ò–¶–ê.",2018-01-20 11:47:02,41,7,3297
579,"–ó–¥—Ä–∞–≤—Å—Ç–≤—É–π—Ç–µ! –•–æ—Ç–µ–ª–æ—Å—å –±—ã –æ–±—Ä–∞—Ç–∏—Ç—å—Å—è –∑–∞ –ø–æ–º–æ—â—å—é –∫ —á–µ–ª–æ–≤–µ–∫—É, –∑–Ω–∞—é—â–µ–º—É –∫–∞—Ä–µ–ª—å—Å–∫–∏–π —è–∑—ã–∫. –¢—Ä–µ–±—É–µ—Ç—Å—è –ø–æ–º–æ—â—å –≤ –ø—Ä–æ–∏–∑–Ω–æ—à–µ–Ω–∏–∏. –ë—É–¥—É –æ—á–µ–Ω—å —Ä–∞–¥–∞, –µ—Å–ª–∏ –∫—Ç–æ-—Ç–æ –æ—Ç–∫–ª–∏–∫–Ω–µ—Ç—Å—è. –ù–∞–ø–∏—à–∏—Ç–µ, –ø–æ–∂–∞–ª—É–π—Å—Ç–∞, –≤ –ª–∏—á–∫—É. –°–ø–∞—Å–∏–±–æ!",2018-01-19 22:22:42,0,0,0
573,"–°–µ–≥–æ–¥–Ω—è, 6 –¥–µ–∫–∞–±—Ä—è, –≤ –¢–≤–µ—Ä–∏ –±—ã–ª–∞ —Å–æ–∑–¥–∞–Ω–∞ —Ä–µ–≥–∏–æ–Ω–∞–ª—å–Ω–∞—è –æ–±—â–µ—Å—Ç–≤–µ–Ω–Ω–∞—è –æ—Ä–≥–∞–Ω–∏–∑–∞—Ü–∏—è ¬´–ù–æ–≤–∞—è –ö–∞—Ä–µ–ª–∏—è¬ª, —Ü–µ–ª—å—é –∫–æ—Ç–æ—Ä–æ–π —Å—Ç–∞–Ω–µ—Ç –≤–æ–∑—Ä–æ–∂–¥–µ–Ω–∏–µ –¢–≤–µ—Ä—Å–∫–æ–π –ö–∞—Ä–µ–ª–∏–∏ ‚Äì —Å–µ–≤–µ—Ä–æ-–≤–æ—Å—Ç–æ–∫–∞ –¢–≤–µ—Ä—Å–∫–æ–π –æ–±–ª–∞—Å—Ç–∏. –ü—Ä–µ–¥—Å–µ–¥–∞—Ç–µ–ª–µ–º –¢–†–û–û ¬´–ù–æ–≤–∞—è –ö–∞—Ä–µ–ª–∏—è¬ª –∏–∑–±—Ä–∞–Ω –ø—Ä–µ–¥–ø—Ä–∏–Ω–∏–º–∞—Ç–µ–ª—å, —é—Ä–∏—Å—Ç, —Ç–≤–µ—Ä—Å–∫–æ–π –∫–∞—Ä–µ–ª—å—Å–∫–∏–π –∏—Å—Ç–æ—Ä–∏–∫ –∏ –æ–±—â–µ—Å—Ç–≤–µ–Ω–Ω—ã–π –¥–µ—è—Ç–µ–ª—å, –∞–≤—Ç–æ—Ä –∫–Ω–∏–≥ ¬´–¢–≤–µ—Ä—Å–∫–∞—è –ö–∞—Ä–µ–ª–∏—è. –†–æ–∂–¥–µ–Ω–∏–µ –Ω–∞—Ü–∏–∏¬ª –∏ ¬´–ö–∞—Ä–µ–ª—å—Å–∫–æ–µ –≥–æ—Å—É–¥–∞—Ä—Å—Ç–≤–æ –Ω–∞ –¢–≤–µ—Ä—â–∏–Ω–µ¬ª –ú–∏—Ö–∞–∏–ª –î—Ä–æ–Ω—å.    –°–æ–∑–¥–∞–Ω–∏–µ –∫–∞—Ä–µ–ª—å—Å–∫–æ–≥–æ –≥–æ—Å—É–¥–∞—Ä—Å—Ç–≤–∞ –∏–∑ —Å–µ–≤–µ—Ä–æ-–≤–æ—Å—Ç–æ—á–Ω—ã—Ö —Ä–∞–π–æ–Ω–æ–≤ –¢–≤–µ—Ä—Å–∫–æ–π –æ–±–ª–∞—Å—Ç–∏, –ø—Ä–∏–¥–∞–Ω–∏–µ –∫–∞—Ä–µ–ª—å—Å–∫–æ–º—É —è–∑—ã–∫—É –æ—Ñ–∏—Ü–∏–∞–ª—å–Ω–æ–≥–æ —Å—Ç–∞—Ç—É—Å–∞ –≤ –¢–≤–µ—Ä—Å–∫–æ–π –ö–∞—Ä–µ–ª–∏–∏, –ø—Ä–µ–≤—Ä–∞—â–µ–Ω–∏–µ –¢–≤–µ—Ä—Å–∫–æ–π –ö–∞—Ä–µ–ª–∏–∏ –≤ —Ç–µ—Ä—Ä–∏—Ç–æ—Ä–∏—é –∏–Ω–Ω–æ–≤–∞—Ü–∏–æ–Ω–Ω–æ–≥–æ —Ä–∞–∑–≤–∏—Ç–∏—è, –º—ã –ø–µ—Ä–≤—ã–µ, –∫—Ç–æ –≤–≤–æ–¥–∏—Ç —ç—Ç–∏ –∫–æ–Ω—Ü–µ–ø—Ç—ã –≤ —Ä–µ–≥–∏–æ–Ω–∞–ª—å–Ω—É—é –∏ —Ñ–µ–¥–µ—Ä–∞–ª—å–Ω—É—é –ø–æ–≤–µ—Å—Ç–∫—É.    –ü–æ –Ω–∞—à–µ–º—É –≥–ª—É–±–æ–∫–æ–º—É —É–±–µ–∂–¥–µ–Ω–∏—é, –≥–ª–∞–≤–Ω—ã–º —É—Å–ª–æ–≤–∏–µ–º –≤–æ–∑—Ä–æ–∂–¥–µ–Ω–∏—è –¢–≤–µ—Ä—Å–∫–æ–π –ö–∞—Ä–µ–ª–∏–∏ —è–≤–ª—è–µ—Ç—Å—è —Å–æ–∑–¥–∞–Ω–∏–µ –∫–∞—Ä–µ–ª—å—Å–∫–æ–≥–æ –≥–æ—Å—É–¥–∞—Ä—Å—Ç–≤–∞. –¢–≤–µ—Ä—Å–∫–∞—è –ö–∞—Ä–µ–ª–∏—è ‚Äì –∏—Å—Ç–æ—Ä–∏—á–µ—Å–∫–∞—è —Ç–µ—Ä—Ä–∏—Ç–æ—Ä–∏—è –¥—Ä–µ–≤–Ω–µ–≥–æ –ë–µ–∂–µ—Ü–∫–æ–≥–æ –í–µ—Ä—Ö–∞ ‚Äì –¥–æ–ª–∂–Ω–∞ –æ–±—Ä–µ—Å—Ç–∏ —Å–æ–±—Å—Ç–≤–µ–Ω–Ω—É—é —Å—É–±—ä–µ–∫—Ç–Ω–æ—Å—Ç—å. –§–æ—Ä–º–∞ –∫–∞—Ä–µ–ª—å—Å–∫–æ–≥–æ –≥–æ—Å—É–¥–∞—Ä—Å—Ç–≤–∞ –º–æ–∂–µ—Ç –±—ã—Ç—å –ø—Ä–µ–¥–º–µ—Ç–æ–º –¥–∏—Å–∫—É—Å—Å–∏–∏, –±—É–¥–µ—Ç –ª–∏ —ç—Ç–æ –æ—Ç–¥–µ–ª—å–Ω—ã–π 86-–π —Å—É–±—ä–µ–∫—Ç –§–µ–¥–µ—Ä–∞—Ü–∏–∏ –≤ –≤–∏–¥–µ —Ä–µ—Å–ø—É–±–ª–∏–∫–∏ –∏–ª–∏ –∞–¥–º–∏–Ω–∏—Å—Ç—Ä–∞—Ç–∏–≤–Ω–æ-—Ç–µ—Ä—Ä–∏—Ç–æ—Ä–∏–∞–ª—å–Ω–∞—è –µ–¥–∏–Ω–∏—Ü–∞ —Å –æ—Å–æ–±—ã–º —Å—Ç–∞—Ç—É—Å–æ–º –≤ —Å–æ—Å—Ç–∞–≤–µ –¢–≤–µ—Ä—Å–∫–æ–≥–æ —Ä–µ–≥–∏–æ–Ω–∞, –ø–æ –ø—Ä–∏–º–µ—Ä—É –ö–æ–º–∏-–ü–µ—Ä–º—è—Ü–∫–æ–≥–æ –æ–∫—Ä—É–≥–∞ –≤ —Å–æ—Å—Ç–∞–≤–µ –ü–µ—Ä–º—Å–∫–æ–≥–æ –∫—Ä–∞—è, –∑–¥–µ—Å—å –≤–æ–∑–º–æ–∂–Ω—ã –≤–∞—Ä–∏–∞–Ω—Ç—ã. –ù–æ –¥–ª—è –Ω–∞—Å –æ—á–µ–≤–∏–¥–Ω–æ –æ–¥–Ω–æ ‚Äì –±–µ–∑ –ø—Ä–∏–¥–∞–Ω–∏—è –¢–≤–µ—Ä—Å–∫–æ–π –ö–∞—Ä–µ–ª–∏–∏ –∫–∞–∫–æ–π-–ª–∏–±–æ —Å—É–±—ä–µ–∫—Ç–Ω–æ—Å—Ç–∏ –Ω–∏–∫–∞–∫–æ–µ —Ä–∞–∑–≤–∏—Ç–∏–µ –Ω–∞—à–∏—Ö —Ç–µ—Ä—Ä–∏—Ç–æ—Ä–∏–π –ø—Ä–æ—Å—Ç–æ-–Ω–∞–ø—Ä–æ—Å—Ç–æ –Ω–µ–≤–æ–∑–º–æ–∂–Ω–æ.    –í—Å–µ –∫—Ç–æ —Å–µ–π—á–∞—Å –∂–∏–≤—ë—Ç –Ω–∞ —Å–µ–≤–µ—Ä–æ-–≤–æ—Å—Ç–æ–∫–µ –¢–≤–µ—Ä—Å–∫–æ–π –æ–±–ª–∞—Å—Ç–∏ ‚Äì –∏ —Ä—É—Å—Å–∫–∏–µ –∏ –∫–∞—Ä–µ–ª—ã, –ø–æ –±–æ–ª—å—à–æ–º—É —Å—á—ë—Ç—É, –±—Ä–æ—à–µ–Ω—ã —Ñ–µ–¥–µ—Ä–∞–ª—å–Ω—ã–º–∏ –∏ —Ç–≤–µ—Ä—Å–∫–∏–º–∏ —Ä–µ–≥–∏–æ–Ω–∞–ª—å–Ω—ã–º–∏ –≤–ª–∞—Å—Ç—è–º–∏ –Ω–∞ –ø—Ä–æ–∏–∑–≤–æ–ª —Å—É–¥—å–±—ã –∏ –Ω–∏–∫–æ–º—É –Ω–µ –Ω—É–∂–Ω—ã. –ù–∞—à –Ω–µ–∫–æ–≥–¥–∞ –±–æ–≥–∞—Ç—ã–π –∫—Ä–∞–π –ª–µ–∂–∏—Ç –≤ —Ä—É–∏–Ω–∞—Ö –∏ –∑–∞–ø—É—Å—Ç–µ–Ω–∏–∏, –Ω–∞–∏–±–æ–ª–µ–µ —Ç–∞–ª–∞–Ω—Ç–ª–∏–≤–∞—è –º–æ–ª–æ–¥—ë–∂—å —É–µ–∑–∂–∞–µ—Ç, –º–µ—Å—Ç–Ω—ã–π –±–∏–∑–Ω–µ—Å –Ω–µ –∏–º–µ–µ—Ç –Ω–∏–∫–∞–∫–æ–π –∑–∞—â–∏—Ç—ã –∏ –ø—Ä–æ—Ç–µ–∫—Ü–∏–∏ –ø–µ—Ä–µ–¥ –¢–≤–µ—Ä—å—é –∏ –ú–æ—Å–∫–≤–æ–π, –Ω–µ –≥–æ–≤–æ—Ä—è —É–∂–µ –æ–± —ç—Ç–Ω–∏—á–µ—Å–∫–∏—Ö –≥—Ä—É–ø–ø–∏—Ä–æ–≤–∫–∞—Ö. –ù–∞—à–∞ –æ–±—â–∞—è –∑–∞–¥–∞—á–∞ –∑–∞–∫–ª—é—á–∞–µ—Ç—Å—è –≤ —Ç–æ–º, —á—Ç–æ–±—ã –≤–µ—Ä–Ω—É—Ç—å –ø—Ä–æ—Ü–≤–µ—Ç–∞–Ω–∏–µ –∏ —Ä–∞–∑–≤–∏—Ç–∏–µ –Ω–∞ –Ω–∞—à—É –∑–µ–º–ª—é, –≤–¥–æ—Ö–Ω—É—Ç—å –Ω–æ–≤—É—é –∂–∏–∑–Ω—å –≤ –¢–≤–µ—Ä—Å–∫—É—é –ö–∞—Ä–µ–ª–∏—é.    –ù–∞ –Ω–∞—à–∏—Ö –∑–µ–º–ª—è—Ö –Ω–µ—Ç –Ω–∏–∫–∞–∫–∏—Ö –ø–æ–ª–µ–∑–Ω—ã—Ö –∏—Å–∫–æ–ø–∞–µ–º—ã—Ö. –ù–æ —Å–æ–∑–¥–∞–≤ —Å–æ–±—Å—Ç–≤–µ–Ω–Ω—ã–π —Å—É–±—ä–µ–∫—Ç, —Å–µ–≤–µ—Ä–æ-–≤–æ—Å—Ç–æ–∫ –¢–≤–µ—Ä—Å–∫–æ–π –æ–±–ª–∞—Å—Ç–∏ —Å–º–æ–∂–µ—Ç, –Ω–∞–∫–æ–Ω–µ—Ü, –Ω–µ–ø–æ—Å—Ä–µ–¥—Å—Ç–≤–µ–Ω–Ω–æ —É—á–∞—Å—Ç–≤–æ–≤–∞—Ç—å –≤ —Ñ–µ–¥–µ—Ä–∞–ª—å–Ω—ã—Ö –∏ —Ä–µ–≥–∏–æ–Ω–∞–ª—å–Ω—ã—Ö –ø—Ä–æ–≥—Ä–∞–º–º–∞—Ö —Ä–∞–∑–≤–∏—Ç–∏—è, –æ—Ç—Å—Ç–∞–∏–≤–∞—Ç—å –∏–Ω—Ç–µ—Ä–µ—Å—ã —Å–æ–±—Å—Ç–≤–µ–Ω–Ω–æ–≥–æ –Ω–∞—Å–µ–ª–µ–Ω–∏—è –ø–µ—Ä–µ–¥ —Ñ–µ–¥–µ—Ä–∞–ª—å–Ω—ã–º –ø—Ä–∞–≤–∏—Ç–µ–ª—å—Å—Ç–≤–æ–º –∏ –≥–æ—Å—É–¥–∞—Ä—Å—Ç–≤–µ–Ω–Ω—ã–º–∏ –∫–æ—Ä–ø–æ—Ä–∞—Ü–∏—è–º–∏, –∫–∞–∫ —ç—Ç–æ —Å —É—Å–ø–µ—Ö–æ–º –¥–µ–ª–∞—é—Ç –Ø–∫—É—Ç–∏—è, –¢–∞—Ç–∞—Ä—Å—Ç–∞–Ω, –ë–µ–ª–≥–æ—Ä–æ–¥—Å–∫–∞—è –∏ –ö–∞–ª—É–∂—Å–∫–∞—è –æ–±–ª–∞—Å—Ç–∏, –∞–∫—Ç–∏–≤–Ω–æ –∑–∞—â–∏—â–∞—Ç—å –∏ –ø–æ–¥–¥–µ—Ä–∂–∏–≤–∞—Ç—å –º–µ—Å—Ç–Ω—ã–π –±–∏–∑–Ω–µ—Å, —Å–ø–æ—Å–æ–±—Å—Ç–≤–æ–≤–∞—Ç—å –ø—Ä–æ–¥–≤–∏–∂–µ–Ω–∏—é –µ–≥–æ –∏–Ω—Ç–µ—Ä–µ—Å–æ–≤ –∏ –ø—Ä–æ–¥—É–∫—Ü–∏–∏ –Ω–∞ —Ñ–µ–¥–µ—Ä–∞–ª—å–Ω–æ–º –∏ –º–µ–∂–¥—É–Ω–∞—Ä–æ–¥–Ω–æ–º —É—Ä–æ–≤–Ω–µ. –ê —É –Ω–∞—à–µ–π —Ç–∞–ª–∞–Ω—Ç–ª–∏–≤–æ–π —É–Ω–∏–≤–µ—Ä—Å–∏—Ç–µ—Ç—Å–∫–æ–π –º–æ–ª–æ–¥—ë–∂–∏ –ø–æ—è–≤–∏—Ç—Å—è –≤–æ–∑–º–æ–∂–Ω–æ—Å—Ç—å —Ä–µ–∞–ª–∏–∑–æ–≤–∞—Ç—å —Å–µ–±—è –¥–æ–º–∞, —Å—Ç–∞—Ç—å –Ω–æ–≤–æ–π —É–ø—Ä–∞–≤–ª–µ–Ω—á–µ—Å–∫–æ–π –∏ –æ–±—Ä–∞–∑–æ–≤–∞—Ç–µ–ª—å–Ω–æ–π —ç–ª–∏—Ç–æ–π —Ä–µ–≥–∏–æ–Ω–∞. –°–æ–∑–¥–∞–Ω–∏–µ –∫–∞—Ä–µ–ª—å—Å–∫–æ–≥–æ –≥–æ—Å—É–¥–∞—Ä—Å—Ç–≤–∞ –±—É–¥–µ—Ç –≤—ã–≥–æ–¥–Ω–æ –≤—Å–µ–º –∂–∏—Ç–µ–ª—è–º –¢–≤–µ—Ä—Å–∫–æ–π –ö–∞—Ä–µ–ª–∏–∏, –ø–æ—Ç–æ–º—É —á—Ç–æ –Ω–∞ —Å–µ–≥–æ–¥–Ω—è—à–Ω–∏–π –¥–µ–Ω—å ‚Äì —ç—Ç–æ –µ–¥–∏–Ω—Å—Ç–≤–µ–Ω–Ω–∞—è —Ä–µ–∞–ª—å–Ω–∞—è –≤–æ–∑–º–æ–∂–Ω–æ—Å—Ç—å –¥–ª—è —Å–µ–≤–µ—Ä–æ-–≤–æ—Å—Ç–æ—á–Ω—ã—Ö —Ä–∞–π–æ–Ω–æ–≤ –¢–≤–µ—Ä—Å–∫–æ–π –æ–±–ª–∞—Å—Ç–∏ —Å—Ç–∞—Ç—å —á–µ–º-—Ç–æ –±√≥–ª—å—à–∏–º, –Ω–µ–∂–µ–ª–∏ —Ç–≤–µ—Ä—Å–∫–∞—è –æ–∫—Ä–∞–∏–Ω–∞, –ø–æ–ª—É—á–∏—Ç—å —Å–≤–æ–π —à–∞–Ω—Å –Ω–∞ –∏—Å—Ç–æ—Ä–∏—á–µ—Å–∫–æ–µ —Ä–∞–∑–≤–∏—Ç–∏–µ.    –¢–≤–µ—Ä—Å–∫–∞—è —Ä–µ–≥–∏–æ–Ω–∞–ª—å–Ω–∞—è –æ–±—â–µ—Å—Ç–≤–µ–Ω–Ω–∞—è –æ—Ä–≥–∞–Ω–∏–∑–∞—Ü–∏—è ¬´–ù–æ–≤–∞—è –ö–∞—Ä–µ–ª–∏—è¬ª –ø—Ä–∏–≥–ª–∞—à–∞–µ—Ç –∫ –≤–∑–∞–∏–º–æ–¥–µ–π—Å—Ç–≤–∏—é –∏ —Å–æ—Ç—Ä—É–¥–Ω–∏—á–µ—Å—Ç–≤—É –≤—Å–µ—Ö, –∫–æ–º—É –Ω–µ –±–µ–∑—Ä–∞–∑–ª–∏—á–Ω–∞ —Å—É–¥—å–±–∞ –¢–≤–µ—Ä—Å–∫–æ–π –ö–∞—Ä–µ–ª–∏–∏. –¢–æ–ª—å–∫–æ –æ–±—â–∏–º–∏ —É—Å–∏–ª–∏—è–º–∏ –º—ã —Å–º–æ–∂–µ—Ç –ø–æ–±–µ–¥–∏—Ç—å —Ä–∞–∑—Ä—É—Ö—É –∏ –∑–∞–ø—É—Å—Ç–µ–Ω–∏–µ, –≤–æ–∑—Ä–æ–¥–∏—Ç—å –Ω–∞—à—É –∑–µ–º–ª—é –∫ –Ω–æ–≤–æ–π –∂–∏–∑–Ω–∏, –∏ —Å–Ω–æ–≤–∞ –≤–µ—Ä–Ω—É—Ç—å –Ω–∞ –±–µ—Ä–µ–≥–∞ –ú–µ–¥–≤–µ–¥–∏—Ü—ã –∏ –ú–æ–ª–æ–≥–∏ –±—ã–ª–æ–π –¥–æ—Å—Ç–∞—Ç–æ–∫ –∏ –ø—Ä–æ—Ü–≤–µ—Ç–∞–Ω–∏–µ.    –ù–∞–∑–≤–∞–Ω–∏–µ –æ—Ä–≥–∞–Ω–∏–∑–∞—Ü–∏–∏ ‚Äì ¬´–ù–æ–≤–∞—è –ö–∞—Ä–µ–ª–∏—è¬ª ‚Äì —Ç–∞–∫–∂–µ –≥–ª—É–±–æ–∫–æ —Å–∏–º–≤–æ–ª–∏—á–Ω–æ. –í —Å–≤–æ—ë –≤—Ä–µ–º—è –∏–º–µ–Ω–Ω–æ –ù–æ–≤–æ–∫–∞—Ä–µ–ª—å—Å–∫–∏–π —Ä–∞–π–æ–Ω —Å—Ç–∞–ª –ø–µ—Ä–≤—ã–º –∫–∞—Ä–µ–ª—å—Å–∫–∏–º –Ω–∞—Ü–∏–æ–Ω–∞–ª—å–Ω—ã–º —Ä–∞–π–æ–Ω–æ–º –Ω–∞ —Ç–≤–µ—Ä—Å–∫–æ–π –∑–µ–º–ª–µ, –∞ –µ–≥–æ –∞–¥–º–∏–Ω–∏—Å—Ç—Ä–∞—Ç–∏–≤–Ω—ã–π —Ü–µ–Ω—Ç—Ä ‚Äì —Å–µ–ª–æ –¢–æ–ª–º–∞—á–∏, –≤–æ—Ç —É–∂–µ 400 –ª–µ—Ç —è–≤–ª—è—é—Ç—Å—è –Ω–µ–æ—Ñ–∏—Ü–∏–∞–ª—å–Ω–æ–π —Å—Ç–æ–ª–∏—Ü–µ–π –≤—Å–µ–π –¢–≤–µ—Ä—Å–∫–æ–π –ö–∞—Ä–µ–ª–∏–∏, –µ—ë —Å–∞–∫—Ä–∞–ª—å–Ω—ã–º —Å–µ—Ä–¥—Ü–µ–º –∏ –Ω–µ—É–≥–∞—Å–∞—é—â–∏–º —Å–∏–º–≤–æ–ª–æ–º –≤–µ—Ä–Ω–æ—Å—Ç–∏ —Å–≤–æ–µ–π –∑–µ–º–ª–µ, —Å–≤–æ–∏–º –∫–æ—Ä–Ω—è–º –∏ —Ç—Ä–∞–¥–∏—Ü–∏—è–º. –ö—Ä–æ–º–µ —Ç–æ–≥–æ, –ø–æ –ø—Ä–∏–º–µ—Ä—É —Ñ–∏–Ω–Ω–æ–≤, –º—ã, —Ç–≤–µ—Ä—Å–∫–∏–µ –∫–∞—Ä–µ–ª—ã, —Ö–æ—Ç–∏–º –ø–æ–∫–∞–∑–∞—Ç—å –≤—Å–µ–º—É –º–∏—Ä—É –∏ —Å–∞–º–∏–º —Å–µ–±–µ, —á—Ç–æ –º–æ–∂–Ω–æ —Å—Ç–∞—Ç—å —Å–æ–≤—Ä–µ–º–µ–Ω–Ω–æ–π –Ω–∞—Ü–∏–µ–π, –Ω–µ –ø—Ä–∏–±–µ–≥–∞—è –∫ –º–∞—Å–∫–∞—Ä–∞–¥—É —Å –ø–µ—Ä–µ–æ–¥–µ–≤–∞–Ω–∏–µ–º –≤ –¥–µ—Ä–µ–≤–µ–Ω—Å–∫–∏–µ –∫–æ—Å—Ç—é–º—ã —Å—Ç–æ–ª–µ—Ç–Ω–µ–π –¥–∞–≤–Ω–æ—Å—Ç–∏, –±–µ–∑ –≤—Å—è–∫–∏—Ö –∫–æ–∫–æ—à–Ω–∏–∫–æ–≤ –∏ –≤—ã—à–∏—Ç—ã—Ö —Ä—É–±–∞—à–µ–∫, —á—Ç–æ —Å–æ–≤—Ä–µ–º–µ–Ω–Ω–∞—è –Ω–∞—Ü–∏—è ‚Äì —ç—Ç–æ, –≤ –ø–µ—Ä–≤—É—é –æ—á–µ—Ä–µ–¥—å, —Å–æ—Ö—Ä–∞–Ω–µ–Ω–∏–µ —Å–≤–æ–µ–≥–æ —è–∑—ã–∫–∞, –≤–µ—Ä–Ω–æ—Å—Ç—å —Å–≤–æ–µ–π –∑–µ–º–ª–µ –∏ —Ä–∞–∑–≤–∏—Ç–∏–µ –Ω–æ–≤—ã—Ö —Ç–µ—Ö–Ω–æ–ª–æ–≥–∏–π, –ø–æ–∑–≤–æ–ª—è—é—â–∏—Ö —Å–æ–∑–¥–∞—Ç—å –Ω–æ–≤–æ–µ –∫–∞—á–µ—Å—Ç–≤–æ –∂–∏–∑–Ω–∏ –≤ –¢–≤–µ—Ä—Å–∫–æ–π –ö–∞—Ä–µ–ª–∏–∏.    –î–∞–∂–µ —Å–∞–º–∞—è –¥–ª–∏–Ω–Ω–∞—è –¥–æ—Ä–æ–≥–∞ –Ω–∞—á–∏–Ω–∞–µ—Ç—Å—è —Å –ø–µ—Ä–≤–æ–≥–æ —à–∞–≥–∞, –∏ 6 –¥–µ–∫–∞–±—Ä—è –º—ã, —Ç–≤–µ—Ä—Å–∫–∏–µ –∫–∞—Ä–µ–ª—ã, —Å–¥–µ–ª–∞–ª–∏ —ç—Ç–æ—Ç —à–∞–≥. Algu omissa k√§ziss√§, loppu ‚Äì Jumalan. –ù–∞—á–∞–ª–æ –≤ —Å–≤–æ–∏—Ö —Ä—É–∫–∞—Ö, –∫–æ–Ω–µ—Ü ‚Äì –≤ –ë–æ–∂—å–∏—Ö.    https://vk.com/tverin_karjala",2017-12-06 16:00:09,14,0,0
563,"–ø–æ–¥—Å–∫–∞–∂–∏—Ç–µ –ø–æ–∂–∞–ª—É–π—Å—Ç–∞, –≥–¥–µ –º–æ–∂–Ω–æ –ø—Ä–∏–æ–±—Ä–µ—Å—Ç–∏ —ç—Ç–æ—Ç —Å–±–æ—Ä–Ω–∏–∫?",2017-11-27 11:23:40,3,0,0
562,"–ú—É–∂—Å–∫–æ–π –Ω–∞—Ä–æ–¥–Ω—ã–π —Ö–æ—Ä ""–¢–µ—Ä–≤–µ—Ö, –±—Ä–∏—Ö–∞!"", –≥–æ—Ä–æ–¥ –û–ª–æ–Ω–µ—Ü",2017-11-24 14:50:01,8,0,0
554,–ú–Ω–æ–≥–æ –ø–æ–ª–µ–∑–Ω–æ–π –∏–Ω—Ñ–æ—Ä–º–∞—Ü–∏–∏ –¥–ª—è –∏–∑—É—á–µ–Ω–∏—è –∫–∞—Ä–µ–ª—å—Å–∫–æ–≥–æ —è–∑—ã–∫–∞  http://hitech.onegaborg.eu/Study.aspx,2017-11-22 15:12:00,19,8,2696
544,–° —á–µ–≥–æ –Ω–∞—á–∞—Ç—å –∏–∑—É—á–µ–Ω–∏–µ –∫–∞—Ä–µ–ª—å—Å–∫–æ–≥–æ —è–∑—ã–∫–∞??,2017-11-18 13:31:04,5,3,0
526,"–ó–¥—Ä–∞–≤—Å—Ç–≤—É–π—Ç–µ! –ü–æ–¥—Å–∫–∞–∂–∏—Ç–µ, –ø–æ–∂–∞–ª—É–π—Å—Ç–∞, –∫–∞–∫ –ø–æ-–∫–∞—Ä–µ–ª—å—Å–∫–∏ ""—Å –Ω–æ–≤—ã–º –≥–æ–¥–æ–º""? –ù–∞—à–ª–∞ –≤–æ—Ç —Ç–∞–∫—É—é —Ñ—Ä–∞–∑—É Ei ole nimida. –í–µ—Ä–Ω–∞—è?",2017-11-13 22:24:51,1,0,0
519,"–ó–¥—Ä–∞–≤—Å—Ç–≤—É–π—Ç–µ, –ø–æ–¥—Å–∫–∞–∂–∏—Ç–µ, –ø–æ–∂–∞–ª—É–π—Å—Ç–∞, —Å–≤—è–∑–∞–Ω—ã –ª–∏ –≤ —è–∑—ã–∫–µ –∫–∞—Ä–µ–ª–æ–≤ –Ω–∞–∑–≤–∞–Ω–∏—è –æ—Å–µ–Ω–Ω–∏—Ö –º–µ—Å—è—Ü–µ–≤ —Å —è–≤–ª–µ–Ω–∏—è–º–∏ –∂–∏–≤–æ–π –∏–ª–∏ –Ω–µ–∂–∏–≤–æ–π –ø—Ä–∏—Ä–æ–¥—ã –∏–ª–∏ —Å —Ç—Ä—É–¥–æ–º –ª—é–¥–µ–π? –ó–∞—Ä–∞–Ω–µ–µ —Å–ø–∞—Å–∏–±–æ.",2017-11-09 22:03:50,0,0,0
516,"–ü–æ–º–æ–≥–∏—Ç–µ —Å –ø–µ—Ä–µ–≤–æ–¥–æ–º –Ω–∞ —Ä—É—Å—Å–∫–∏–π –Ω–∞–∑–≤–∞–Ω–∏–µ –¥–µ—Ä–µ–≤–Ω–∏ –ö—É–¥–∞–º–∞(Kuudamu)...Kuu - –ª—É–Ω–∞, –æ—Å—Ç–∞–ª—å–Ω–∞—è —á–∞—Å—Ç—å, —á—Ç–æ –∑–Ω–∞—á–∏—Ç",2017-11-06 14:30:52,0,0,0
514,"https://vk.com/club153490956 –ï—Å–ª–∏ –∫–æ–≥–æ-—Ç–æ –∏–Ω—Ç–µ—Ä–µ—Å—É–µ—Ç –≥—Ä—É–ø–ø–∞, –æ—Ä–≥–∞–Ω–∏–∑–æ–≤–∞–Ω–Ω–∞—è –º–æ–ª–æ–¥—ë–∂—å—é (c—Ç—É–¥–µ–Ω—Ç–∞–º–∏ –¢–≤–ì–£) –∏ –Ω–∞–ø—Ä–∞–≤–ª–µ–Ω–Ω–∞—è –Ω–∞ —Å–æ—Ö—Ä–∞–Ω–µ–Ω–∏–µ —Ç–∞–∫–æ–π —ç—Ç–Ω–æ–≥—Ä—É–ø–ø—ã –∫–∞–∫ –∫–∞—Ä–µ–ª—ã, —Ç–æ –≤–∞–º —Å—é–¥–∞. –ù–∞—à–µ —Å–æ–æ–±—â–µ—Å—Ç–≤–æ –æ–±—Ä–∞–∑–æ–≤–∞–Ω–æ –∫–∞–∫ —Å–æ—Ü–∏–∞–ª—å–Ω—ã–π –ø—Ä–æ–µ–∫—Ç –∏ –Ω–∞–ø—Ä–∞–≤–ª–µ–Ω–æ –Ω–∞ –ø—Ä–µ–æ–¥–æ–ª–µ–Ω–∏–µ –∫—É–ª—å—Ç—É—Ä–Ω–æ–≥–æ –∏—Å—á–µ–∑–Ω–æ–≤–µ–Ω–∏—è.  –î–µ–ª–æ –≤ —Ç–æ–º, —á—Ç–æ –Ω–∞ —Ç–µ—Ä—Ä–∏—Ç–æ—Ä–∏–∏ –ë–µ–∂–µ—Ü–∫–æ–≥–æ —Ä–∞–π–æ–Ω–∞ —ç—Ç–∞ –ø—Ä–æ–±–ª–µ–º–∞ —Å—Ç–æ–∏—Ç –æ—á–µ–Ω—å –æ—Å—Ç—Ä–æ –∏ –ø–æ–¥–¥–µ—Ä–∂–∫–∞ —Å–æ —Å—Ç–æ—Ä–æ–Ω—ã —É—á–∞—Å—Ç–Ω–∏–∫–æ–≤ –≤ –≥—Ä—É–ø–ø–µ –ø—Ä–æ—Å—Ç–æ –Ω–µ–æ–±—Ö–æ–¥–∏–º–∞",2017-11-03 19:06:07,11,0,0
506,–û–ª–æ–≤—è–Ω–Ω—ã–π —Å–æ–ª–¥–∞—Ç–∏–∫ –ê–ª–µ–Ω—å–∫–∏–π —Ü–≤–µ—Ç–æ—á–µ–∫,2017-10-29 21:09:24,12,4,2360
503,"–ö–∞–∫ –ø—Ç –∫—Ä–µ–ª—å—Å–∫–∏ ,,–∫–∞–∫ –¥–µ–ª–∞''?–ø—Ä–∏–≤–µ—Ç –∑–¥—Ä–∞—Å—Ç–≤—É–π",2017-10-23 12:02:13,0,0,0
501,"–ù–∞—á–∞–ª–æ —Ä–∞–Ω–µ–µ –æ–±—ä—è–≤–ª–µ–Ω–Ω—ã—Ö –∑–∞–Ω—è—Ç–∏–π –ø–æ —Ç–µ–º–µ ""–ö–∞—Ä–µ–ª—å—Å–∫–∏–π –≥–ª–∞–≥–æ–ª"" –≤ –°–∞–Ω–∫—Ç-–ü–µ—Ç–µ—Ä–±—É—Ä–≥–µ –ø–µ—Ä–µ–Ω–æ—Å–∏—Ç—Å—è –Ω–∞ 28 –æ–∫—Ç—è–±—Ä—è. ‚¨áÔ∏è‚¨áÔ∏è‚¨áÔ∏è‚¨áÔ∏è‚¨áÔ∏è‚¨áÔ∏è‚¨áÔ∏è‚¨áÔ∏è‚¨áÔ∏è‚¨áÔ∏è‚¨áÔ∏è",2017-10-16 22:10:58,9,1,2398
493,–ö–∞—Ä–µ–ª—å—Å–∫–∏–µ —Å–∫–∞–∑–∫–∏ —Å –ø–µ—Ä–µ–≤–æ–¥–æ–º (—Å–∫–∞–Ω),2017-09-12 13:43:31,14,6,2638
477,"–í –ú–æ—Å–∫–≤–µ –Ω–∞ –í–î–ù–• 10 —Å–µ–Ω—Ç—è–±—Ä—è –≤ —Ä–∞–º–∫–∞—Ö –§–µ—Å—Ç–∏–≤–∞–ª—è –Ω–∞—Ü–∏–æ–Ω–∞–ª—å–Ω—ã—Ö –∫—É–ª—å—Ç—É—Ä –±—É–¥—É –ø—Ä–æ–≤–æ–¥–∏—Ç—å –º–∞—Å—Ç–µ—Ä-–∫–ª–∞—Å—Å –ø–æ –∫–∞—Ä–µ–ª—å—Å–∫–æ–º—É —è–∑—ã–∫—É. –í—Ä–µ–º—è 14.00-15.00. –ü—Ä–∏—Ö–æ–¥–∏—Ç–µ –≤—Å–µ, –∫–æ–º—É –∏–Ω—Ç–µ—Ä–µ—Å–Ω–æ.  –ù–∞—Ç–∞–ª—å—è –°–∏–Ω–∏—Ü–∫–∞—è.",2017-08-29 13:14:11,7,1,2081
470,"–¢–û–í–ê–†–ò–©–ò –ö–ê–†–ï–õ–´, –ó–ê –†–ï–ü–û–°–¢ –≠–¢–û–ô –ó–ê–ü–ò–°–ò –û–ì–†–û–ú–ù–ê–Ø –í–ê–ú –ë–õ–ê–ì–û–î–ê–†–ù–û–°–¢–¨üòä https://vk.com/karjalan_kieli  –í –≥—Ä—É–ø–ø–µ ""–£—á–∏–º –ö–∞—Ä–µ–ª—å—Å–∫–∏–π –Ø–∑—ã–∫"" –í—ã –Ω–∞–π–¥—ë—Ç–µ:  1. –£—á–µ–±–Ω–æ–µ –ø–æ—Å–æ–±–∏–µ –ø–æ –∏–∑—É—á–µ–Ω–∏—é –∫–∞—Ä–µ–ª—å—Å–∫–æ–≥–æ —è–∑—ã–∫–∞  2. –†–∞–∑–≥–æ–≤–æ—Ä–Ω–∏–∫ –Ω–∞ –∫–∞—Ä–µ–ª—å—Å–∫–æ–º —è–∑—ã–∫–µ  3. –°–ª–æ–≤–∞—Ä—å –∫–∞—Ä–µ–ª—å—Å–∫–æ–≥–æ —è–∑—ã–∫–∞  4. –¢–µ–∫—Å—Ç—ã –Ω–∞ –∫–∞—Ä–µ–ª—å—Å–∫–æ–º —è–∑—ã–∫–µ —Å –ø–µ—Ä–µ–≤–æ–¥–æ–º  5. –ê—É–¥–∏–æ –Ω–∞ –∫–∞—Ä–µ–ª—å—Å–∫–æ–º —è–∑—ã–∫–µ –∏ –≤–∏–¥–µ–æ –Ω–∞ –∫–∞—Ä–µ–ª—å—Å–∫–æ–º —è–∑—ã–∫–µ  –∏ –¥—Ä—É–≥–æ–π —É—á–µ–±–Ω—ã–π –º–∞—Ç–µ—Ä–∏–∞–ª –¥–ª—è –∏–∑—É—á–µ–Ω–∏—è –∫–∞—Ä–µ–ª—å—Å–∫–æ–≥–æ —è–∑—ã–∫–∞  –ù–ê –†–ê–ó–õ–ò–ß–ù–´–• –ì–û–í–û–†–ê–•!",2017-08-27 20:42:54,2219,915,57741
466,"–ú–´–®–û–ù–û–ö –ò –õ–ò–°–ò–ß–ö–ê. –°–ö–ê–ó–ö–ê  —Å –ø–µ—Ä–µ–≤–æ–¥–æ–º –ê–≤—Ç–æ—Ä —Å–∫–∞–∑–∫–∏ –Ω–∞ —Ä—É—Å—Å–∫–æ–º —è–∑—ã–∫–µ -–õ–Æ–î–ú–ò–õ–ê –ú–ï–•–ï–î, –ø–µ—Ä–µ–≤–æ–¥ –Ω–∞ –∫–∞—Ä–µ–ª—å—Å–∫–∏–π-–ì–∏–ª–æ–µ–≤–∞ –ù–∞—Ç–∞–ª—å—è",2017-08-26 18:44:11,18,6,2368
465,"–ü–æ–¥—Å–∫–∞–∂–∏—Ç–µ –ø–æ–∂–∞–ª—É–π—Å—Ç–∞, –∫–∞–∫ –ø—Ä–∞–≤–∏–ª—å–Ω–æ –Ω–∞ –∫–∞—Ä–µ–ª—å—Å–∫–æ–º –Ω–∞–ø–∏—Å–∞—Ç—å –Ω–∞–∑–≤–∞–Ω–∏–µ —Ä–µ–∫–∏ –†–∏–≤–∏—Ü–∞?",2017-08-25 12:03:30,0,0,0
464,"https://vk.com/public152183875 –ì—Ä—É–ø–ø–∞ —Å–æ–∑–¥–∞–Ω–∞ –¥–ª—è —Ç–µ—Ö, –∫–æ–º—É –∏–Ω—Ç–µ—Ä–µ—Å–µ–Ω —Ç–≤–µ—Ä—Å–∫–æ–π –¥–∏–∞–ª–µ–∫—Ç –∫–∞—Ä–µ–ª—å—Å–∫–æ–≥–æ.",2017-08-20 22:59:10,3,0,0
451,"–î–æ–±—Ä—ã–π –¥–µ–Ω—å.  –ü–æ–¥—Å–∫–∞–∂–∏—Ç–µ –ø–æ–∂–∞–ª—É–π—Å—Ç–∞, –∫–∞–∫ –≤—Å–µ-—Ç–∞–∫–∏ –ø—Ä–æ–∏–∑–Ω–æ—Å–∏—Ç—Å—è ""≈†"" –≤ –∫–∞—Ä–µ–ª—å—Å–∫–æ–º —è–∑—ã–∫–µ. –≠—Ç–æ –≤–µ–¥—å –Ω–µ —á–∏—Å—Ç–∞—è ""–®"" —Ä—É—Å—Å–∫–æ–≥–æ —è–∑—ã–∫–∞?   –í —Å–µ–≤–µ—Ä–æ-–∫–∞—Ä–µ–ª—å—Å–∫–∏—Ö –¥–∏–∞–ª–µ–∫—Ç–∞—Ö –µ—ë, –≤—Ä–æ–¥–µ –∫–∞–∫ –≤–æ–æ–±—â–µ –Ω–µ—Ç, –µ—Å–ª–∏ –æ–ø–∏—Ä–∞—Ç—å—Å—è –Ω–∞ —Ç—Ä—É–¥: ""–ì—Ä–∞–º–º–∞—Ç–∏–∫–∞ –∫–∞—Ä–µ–ª—å—Å–∫–æ–≥–æ —è–∑—ã–∫–∞"" –ü.–ú.–ó–∞–π–∫–æ–≤ , + –Ω–∞ –µ–≥–æ –∂–µ —Å–ª–æ–≤–∞—Ä—å.   ≈†ie ... Sie ...   –ë—É–¥—É –±–ª–∞–≥–æ–¥–∞—Ä–µ–Ω –ª—é–±–æ–º—É –º–Ω–µ–Ω–∏—é –∏–ª–∏ —É—Ç–≤–µ—Ä–∂–¥–µ–Ω–∏—é.",2017-08-17 14:31:02,0,0,0
440,"–ó–¥—Ä–∞–≤—Å—Ç–≤—É–π—Ç–µ! –°–æ–±–∏—Ä–∞—é—Å—å —Å–∫–æ—Ä–æ –ø–æ—Å–µ—Ç–∏—Ç—å –ö–∞—Ä–µ–ª–∏—é. –•–æ—Ç–µ–ª–∞ –Ω–∞–π—Ç–∏ –∑–Ω–∞—á–µ–Ω–∏–µ –Ω–∞–∑–≤–∞–Ω–∏—è ""–ö–∞—Ä–µ–ª–∏—è"", –Ω–æ —á—Ç–æ-—Ç–æ –ø–æ–∏—Å–∫ –∑–∞—Ç—Ä—É–¥–Ω—è–µ—Ç—Å—è –≤–∑–∞–∏–º–æ–∏—Å–∫–ª—é—á–∞—é—â–µ–π –∏–Ω—Ñ–æ—Ä–º–∞—Ü–∏–µ–π. –ù–µ —Ä–∞—Å—Å–∫–∞–∂–∏—Ç–µ? –°–ü–ê–°–ò–ë–û))",2017-07-08 21:19:27,0,0,0
433,–î–æ–±—Ä—ã–π –¥–µ–Ω—å! –ö–∞–∫ –ø–µ—Ä–µ–≤–µ—Å—Ç–∏ –ú–µ—Ä–≥—É–± - –ú–µ—Ä–≥—É–±—Å–∫–æ–µ –æ–∑–µ—Ä–æ? –ú—É–µ–∑–µ—Ä–∫–∞ - –∫–∞–∫–æ–µ —Å–ª–æ–≤–æ –º–æ–≥–ª–æ –±—ã—Ç—å –≤ –æ—Å–Ω–æ–≤–µ —Å–ª–æ–≤–∞.,2017-06-22 12:11:41,0,0,0
432,–ö–∞–∫ –±—É–¥–µ—Ç –ø–æ-–Ω–∞—à–µ–º—É (–ø–æ-–∫–∞—Ä–µ–ª—å—Å–∫–∏) —Å –ø—Ä–∞–∑–¥–Ω–∏–∫–æ–º?,2017-06-06 18:57:45,1,0,0
429,—Ñ—Ä–∞–∑—ã –Ω–∞ –∫–∞—Ä–µ–ª—å—Å–∫–æ–º —Å –ø–µ—Ä–µ–≤–æ–¥–æ–º,2017-05-24 12:06:18,17,4,2443
422,"–ñ–µ–ª–∞—é—â–∏–µ —É—á–∏—Ç—å –∫–∞—Ä–µ–ª—å—Å–∫–∏–π (—Ç–≤–µ—Ä—Å–∫–æ–π –∏–ª–∏ —Å–µ–≤–µ—Ä–æ-–∫–∞—Ä–µ–ª—å—Å–∫–∏–π), –æ–±—Ä–∞—â–∞–π—Ç–µ—Å—å –∫–æ –º–Ω–µ –ª–∏—á–∫—É.",2017-05-16 16:00:40,9,0,0
419,–¢–µ–∫—Å—Ç—ã —Å –ø–µ—Ä–µ–≤–æ–¥–æ–º (–ª–∏–≤–≤–∏–∫–æ–≤—Å–∫–æ–µ –Ω–∞—Ä–µ—á–∏–µ). –ò—Å—Ç–æ—á–Ω–∏–∫ https://vk.com/karjalanlanguage,2017-05-14 13:28:29,19,6,2291
418,–ó–¥—Ä–∞—Å—Ç–≤—É–π—Ç–µ –ø–æ–º–æ–≥–∏—Ç–µ –ø–æ–∂–∞–ª—É–π—Å—Ç–∞ —Å –ø–µ—Ä–µ–≤–æ–¥–æ–º —Ñ–∞–º–∏–ª–∏–∏ –≤ —Ä–æ–¥—É –≤—Å—ë –∞–ø—Ä–µ–ª—è –±—ã–ª–∏ –ø–æ –ø–∞–ø–∏–Ω–æ–π –ª–∏–Ω–∏–∏ –Ω–æ –µ—Å—Ç—å —Å–æ–º–Ω–µ–Ω–∏—è —á—Ç–æ –æ–Ω–∞ –Ω–µ –∫–∞—Ä–µ–ª—å—Å–∫–∞—è,2017-05-12 12:43:47,1,0,0
417,"–ö–∞–∫ –Ω–∞–ø–∏—Å–∞—Ç—å –∫—É—Ä–∏–Ω—ã–π –¥–æ–º (–∫—É—Ä—è—Ç–Ω–∏–∫), –≤—Ä–æ–¥–µ –∫–∞–Ω–∞ –∫–æ–¥–∏ –ø–æ-–∫–∞—Ä–µ–ª—å—Å–∫–∏. –°–ø–∞—Å–∏–±–æ",2017-05-08 18:42:27,0,0,0
406,–º–æ–∂–µ—Ç–∏ —Å–∫–∏–Ω—É—Ç—å —Å—ã–ª–∫—É –Ω–∞ —Å–ª–æ–≤–∞—Ä—å –Ω–æ —á—Ç–æ–± —Å–ª–æ–≤–∞ –∫–∞—Ä–µ–π—Å–∫–∏–µ –±—ã–ª–∏ –Ω–∞ –ø–∏—Å–∞–Ω—ã –Ω–∞ —Ä—É—Å—Å–∫–æ–º,2017-04-14 07:10:52,1,0,0
405,"–ù–∞–∫–æ–Ω–µ—Ü-—Ç–æ –≤—ã—à–ª–∞ —ç–ª–µ–∫—Ç—Ä–æ–Ω–Ω–∞—è –≤–µ—Ä—Å–∏—è –∫–Ω–∏–≥–∏ ¬´–¢–≤–µ—Ä—Å–∫–∞—è –ö–∞—Ä–µ–ª–∏—è. –†–æ–∂–¥–µ–Ω–∏–µ –Ω–∞—Ü–∏–∏¬ª! –ù–∞ –µ—ë —Å—Ç—Ä–∞–Ω–∏—Ü–∞—Ö, –≤–ø–µ—Ä–≤—ã–µ –≤ –∏—Å—Ç–æ—Ä–∏–∏, –¢–≤–µ—Ä—Å–∫–∞—è –ö–∞—Ä–µ–ª–∏—è –∑–∞–≥–æ–≤–æ—Ä–∏–ª–∞ —Å–æ–±—Å—Ç–≤–µ–Ω–Ω—ã–º —è–∑—ã–∫–æ–º ‚Äì —è–∑—ã–∫–æ–º –Ω–∞—Ü–∏–æ–Ω–∞–ª—å–Ω–æ–≥–æ –≤–æ–∑—Ä–æ–∂–¥–µ–Ω–∏—è. –ú—ã –∏—Å–∫—Ä–µ–Ω–Ω–µ –Ω–∞–¥–µ–µ–º—Å—è, —á—Ç–æ –∫–Ω–∏–≥–∞ –±—É–¥–µ—Ç –∏–Ω—Ç–µ—Ä–µ—Å–Ω–∞ –Ω–µ —Ç–æ–ª—å–∫–æ –∂–∏—Ç–µ–ª—è–º –¢–≤–µ—Ä—Å–∫–æ–π –ö–∞—Ä–µ–ª–∏–∏ ‚Äì –ë–µ–∂–µ—Ü–∫–æ–≥–æ –í–µ—Ä—Ö–∞ –∏ –¢–≤–µ—Ä–∏, –¥–ª—è –∫–æ—Ç–æ—Ä—ã—Ö –æ–Ω–∞ –∏ –±—ã–ª–∞ –∏–∑–Ω–∞—á–∞–ª—å–Ω–æ –Ω–∞–ø–∏—Å–∞–Ω–∞, –Ω–æ —Ç–∞–∫–∂–µ –≤—Å–µ–º, –∫—Ç–æ –∏–Ω—Ç–µ—Ä–µ—Å—É–µ—Ç—Å—è –ø—Ä–æ–±–ª–µ–º–∞–º–∏ —Å–æ–≤—Ä–µ–º–µ–Ω–Ω–æ–≥–æ —Ä–µ–≥–∏–æ–Ω–∞–ª–∏–∑–º–∞, –∏—Å—Ç–æ—Ä–∏–µ–π –†–æ—Å—Å–∏–∏ –∏ –§–∏–Ω–ª—è–Ω–¥–∏–∏.    –ü—Ä–∏–æ–±—Ä–µ—Å—Ç–∏ –∫–Ω–∏–≥—É –º–æ–∂–Ω–æ –∑–¥–µ—Å—å:  https://www.litres.ru/mihail-viktorovich-dron/tverskaya-kareliya-rozhdenie-nacii/",2017-04-10 15:58:01,11,0,0
402,"–∑–¥—Ä–∞–≤—Å—Ç–≤—É–π—Ç–µ , —Ö–æ—Ç–µ–ª–æ—Å—å –±—ã —É–∑–Ω–∞—Ç—å –º–æ—è —Ñ–∞–º–∏–ª–∏—è –∫–∞—Ä–µ–ª—å—Å–∫–∞—è –∏–ª–∏ –Ω–µ—Ç.?",2017-04-06 00:42:57,0,0,0
395,"–ù—É–∂–µ–Ω –ø–µ—Ä–µ–≤–æ–¥ —Å–ª–æ–≤–∞ - s√ºg√ºz√º , –≤—Å—Ç—Ä–µ—Ç–∏–ª –≤ —Å–±–æ—Ä–Ω–∏–∫–µ —É–ø—Ä–∞–∂–Ω–µ–Ω–∏–π –ø–æ –∫–∞—Ä–µ–ª—å—Å–∫–æ–º—É —è–∑—ã–∫—É. –í –∫–æ–Ω—Ç–µ–∫—Å—Ç–µ - ""Tuli kirjavu s√ºg√ºz√º"". –ù–∏ –≤ —Å–ª–æ–≤–∞—Ä—è—Ö –ø–æ –∫–∞—Ä–µ–ª—å—Å–∫–æ–º—É –Ω–µ –Ω–∞—à—ë–ª, –Ω–∏ —Å —Ñ–∏–Ω—Å–∫–æ–≥–æ –ø–µ—Ä–µ–≤–µ—Å—Ç–∏ –Ω–µ —Å–º–æ–≥.",2017-04-02 10:05:42,1,0,0
362,"–î–∞–º—ã –∏ –≥–æ—Å–ø–æ–¥–∞, –≤ —É—á–µ–±–Ω–∏–∫–µ –û–ª—å–≥–∏ –ö–∞—Ä–ª–æ–≤–æ–π –Ω–µ —É–∫–∞–∑–∞–Ω—ã –ø–æ—è—Å–Ω–µ–Ω–∏—è –Ω–∞ —Ä—É—Å—Å–∫–æ–º. —Ç.–µ –æ–Ω –ø–æ–¥—Ö–æ–¥–∏—Ç —Ç–æ–ª—å–∫–æ –Ω–æ—Å–∏—Ç–µ–ª—è–º —Å–æ–±—Å—Ç–≤–µ–Ω–Ω–æ-–∫–∞—Ä–µ–ª—å—Å–∫–æ–≥–æ?",2017-01-10 22:35:07,1,0,0
361,–ö–∞–∫ –±—É–¥–µ—Ç –∑–≤—É—á–∞—Ç—å –ù–∏–∫–∏—Ç–∏–Ω—Å–∫–∞—è –ú–∏–ª–µ–Ω–∞,2017-01-07 21:42:28,0,0,0
357,"–ü—Ä–æ—á—Ç–∏—Ç–µ –≤–æ–ø–æ—Ä–æ—Å-–æ—Ç–≤–µ—Ç,–∫–æ–º–º–µ–Ω—Ç–∞—Ä–∏–∏..))–í–æ—Ç –æ–Ω–∏ ""–æ–Ω–ª–∞–π–Ω —Å–ª–æ–≤–∞—Ä–∏"",–Ω–µ –≤—Å–µ–≥–¥–∞ –≤ –ø–æ–º–æ—â—å  https://vk.com/away.php?to=https%3A%2F%2Fotvet.mail.ru%2Fquestion%2F173688864",2017-01-03 18:21:30,0,0,0
349,"–ü–æ–º–æ–≥–∏—Ç–µ —Å–æ–≤–µ—Ç–æ–º –ø–æ–∂–∞–ª—É–π—Å—Ç–∞ , —è —Ö–æ—á—É —É—á–∏—Ç—å –ö–∞—Ä–µ–ª—å—Å–∫–∏–π —è–∑—ã–∫ , –º–æ–∂–Ω–æ —Å–∫–∞–∑–∞—Ç—å –≥–æ—Ä—é –∂–µ–ª–∞–Ω–∏–µ–º –µ–≥–æ –≤—ã—É—á–∏—Ç—å , –Ω–æ —è –Ω–µ –∑–Ω–∞—é —Å —á–µ–≥–æ –µ–≥–æ –Ω–∞—á–∞—Ç—å —É—á–∏—Ç—å , –ø–æ–º–æ–≥–∏—Ç–µ –ø–æ–∂–∞–ª—É–π—Å—Ç–∞ , —Å —á–µ–≥–æ –Ω–∞—á–∞—Ç—å ?",2016-12-27 11:54:40,1,1,0
345,"–†–µ–±—è—Ç–∞, –º–æ–∂–µ—Ç –∫—Ç–æ-–Ω–∏–±—É–¥—å –º–Ω–µ –ø–æ–º–æ—á—å —Å –≤–æ–ø—Ä–æ—Å–∞–º–∏ –∫ –ø–∞–¥–µ–∂–∞–º? –ù–∞ —Ä—É—Å—Å–∫–æ–º —è –Ω–∞—à—ë–ª –∞ –Ω–∞ –∫–∞—Ä–µ–ª—å—Å–∫–æ–º –Ω–µ—Ç—É –Ω–∏ –≥–¥–µ, –º–æ–∂–µ—Ç –∫—Ç–æ-—Ç–æ –∏—Ö –º–Ω–µ –Ω–∞–ø–∏—Å–∞—Ç—å?",2016-12-17 13:55:27,2,0,0
342,"Huomne≈°t‚Äô√§ht‚Äôi - Z'el'onane'e peldo (C) 0049 - –æ—Ä–≥–∞–ª–∏—Ç - –º–∞—Å–ª–æ 20 –• 20   –ö–ª–∞—Å—Å–∏—á–µ—Å–∫–∞—è —Ñ–∏–Ω–Ω–æ-—É–≥–æ—Ä—Å–∫–∞—è —Å–∏–º–≤–æ–ª–∏–∫–∞ –∏—Å–ø–æ–ª–Ω–µ–Ω–Ω–∞—è –≤ —Ç—Ä–∞–¥–∏—Ü–∏–æ–Ω–Ω—ã—Ö —Ü–≤–µ—Ç–∞—Ö –¢–≤–µ—Ä–∏–Ω –ö–∞—Ä—å—è–ª–∞. –î–∞–Ω–Ω—ã–π –∞—Ä—Ç–µ—Ñ–∞–∫—Ç-–æ–±–µ—Ä–µ–≥ –ø—Ä–µ–¥–Ω–∞–∑–Ω–∞—á–µ–Ω –∏—Å–∫–ª—é—á–∏—Ç–µ–ª—å–Ω–æ –¥–ª—è —Å–µ–ª—å—Å–∫–æ–≥–æ —Ö—É—Ç–æ—Ä–∞ –∏–ª–∏ –≤ –∫—Ä–∞–π–Ω–µ–º —Å–ª—É—á–∞–µ –¥–æ–º–∞ –≤ –¥–µ—Ä–µ–≤–Ω–µ, –∏ –µ–≥–æ –æ—Å–Ω–æ–≤–Ω–æ–µ –ø—Ä–µ–¥–Ω–∞–∑–Ω–∞—á–µ–Ω–∏–µ –∑–∞–∫–ª—é—á–∞–µ—Ç—Å—è –≤ –ø–æ–¥–¥–µ—Ä–∂–∞–Ω–∏–µ –ø–ª–æ–¥–æ—Ä–æ–¥–∏—è, –∫–∞–∫ –¥–∏–∫–∏—Ö –ª—É–≥–æ–≤, —Ç–∞–∫ –∏ –¥–æ–º–∞—à–Ω–∏—Ö –æ–≥–æ—Ä–æ–¥–æ–≤, –ø—Ä–∏ —ç—Ç–æ–º —Ä–∞–∑–±—Ä–∞—Å—ã–≤–∞–Ω–∏–µ –Ω–∞–≤–æ–∑–∞ –≤ –º–µ–∂—Å–µ–∑–æ–Ω—å–µ –Ω–∏–∫—Ç–æ –Ω–µ –æ—Ç–º–µ–Ω—è–ª, –∏–Ω–∞—á–µ –≥–æ–≤–æ—Ä—è - –æ–¥–Ω–æ–π –º–æ–ª–∏—Ç–≤–æ–π —Å—ã—Ç –Ω–µ –±—É–¥–µ—à—å.",2016-11-23 18:58:30,4,0,0
341,–ú–æ–∂–µ—Ç–µ –º–Ω–µ –ø–æ–º–æ—á—å –∫–∞–∫ –≤—ã—É—á–∏—Ç—å –∫–∞—Ä–µ–π—Å–∫–∏–π —è–∑—ã–∫—É,2016-11-20 17:19:21,1,0,0
339,"–î–æ–±—Ä–æ –ø–æ–∂–∞–ª–æ–≤–∞—Ç—å –≤ –≥—Ä—É–ø–ø—É –º—É–∑–µ—è –ü—Ä–∞–≤–æ—Å–ª–∞–≤–Ω–æ–π –¶–µ—Ä–∫–≤–∏ –§–∏–Ω–ª—è–Ω–¥–∏–∏ –†–ò–ó–ê vk.com/riisamuseum. –í –º–∞–≥–∞–∑–∏–Ω–µ ""–ú–∞–ª–µ–Ω—å–∫–∞—è –í–∏–∑–∞–Ω—Ç–∏—è"" –ø—Ä–∏ –º—É–∑–µ–µ –µ—Å—Ç—å –≤ –Ω–∞–ª–∏—á–∏–∏ –∫–Ω–∏–≥–∏ –Ω–∞ –∫–∞—Ä–µ–ª—å—Å–∫–æ–º —è–∑—ã–∫–µ (–≤ —Ñ–æ—Ç–æ–∞–ª—å–±–æ–º–µ –∏ –Ω–∞ —Å—Ç–µ–Ω–µ –µ—Å—Ç—å –∏–Ω—Ñ–æ—Ä–º–∞—Ü–∏—è): –õ–∏—Ç—É—Ä–≥–∏—è –ò–æ–∞–Ω–Ω–∞ –ó–ª–∞—Ç–æ—É—Å—Ç–∞ (–ø–µ—Ä–µ–≤–µ–¥–µ–Ω–∞ –ê—Ä—Ö–∏–µ–ø–∏—Å–∫–æ–ø–æ–º –ö–∞—Ä–µ–ª—å—Å–∫–∏–º –∏ –≤—Å–µ–π –§–∏–Ω–ª—è–Ω–¥–∏–∏ –õ–µ–æ), –∫–Ω–∏–≥–∏ –ø—Ä–æ –ú—É–º–º–∏-–¢—Ä–æ–ª–ª–µ–π (–∏ –∞—É–¥–∏–æ–∫–Ω–∏–≥–∞ –≤ –∏—Å–ø–æ–ª–Ω–µ–Ω–∏–∏ –ê—Ä—Ö–∏–µ–ø–∏—Å–∫–æ–ø–∞), –ö–∞–ª–µ–≤–∞–ª–∞-—ç–ø–æ—Å",2016-11-03 13:00:36,1,0,0
338,–ø–æ–º–æ–≥–∏—Ç–µ –≤—ã—É—á–∏—Ç—å –∫–∞—Ä–µ–ª—å—Å–∫–∏–π —è–∑—ã–∫,2016-10-29 21:55:13,1,0,0
337,–°–∞–Ω–∫—Ç-–ü–µ—Ç–µ—Ä–±—É—Ä–≥! –ü–æ —Å—É–±–±–æ—Ç–∞–º –ø—Ä–æ—Ö–æ–¥—è—Ç –±–µ—Å–ø–ª–∞—Ç–Ω—ã–µ –∫—É—Ä—Å—ã –∫–∞—Ä–µ–ª—å—Å–∫–æ–≥–æ —è–∑—ã–∫–∞ –≤ –±–∏–±–ª–∏–æ—Ç–µ–∫–µ –Ω–∞—Ü–∏–æ–Ω–∞–ª—å–Ω—ã—Ö –ª–∏—Ç–µ—Ä–∞—Ç—É—Ä! –ñ–¥—ë–º –≤–∞—Å —Å 15:00 –ø–æ 17:00.  Tulgua terveh! –ù–∞—Ç–∞–ª—å—è https://vk.com/natalipas https://vk.com/piiterinkursit,2016-10-25 22:16:50,10,5,0
334,–ü—Ä–æ—à—É –≤—ã—Å—Ç–∞–≤–∏—Ç—å –Ω–æ–≤–æ—Å—Ç—å –æ—Ç –ª–∏—Ü–∞ –≥—Ä—É–ø–ø—ã: –°–∞–Ω–∫—Ç-–ü–µ—Ç–µ—Ä–±—É—Ä–≥! –ü–æ —Å—É–±–±–æ—Ç–∞–º –ø—Ä–æ—Ö–æ–¥—è—Ç –±–µ—Å–ø–ª–∞—Ç–Ω—ã–µ –∫—É—Ä—Å—ã –∫–∞—Ä–µ–ª—å—Å–∫–æ–≥–æ —è–∑—ã–∫–∞ –≤ –±–∏–±–ª–∏–æ—Ç–µ–∫–µ –Ω–∞—Ü–∏–æ–Ω–∞–ª—å–Ω—ã—Ö –ª–∏—Ç–µ—Ä–∞—Ç—É—Ä! –ñ–¥—ë–º –≤–∞—Å —Å 15:00 –ø–æ 17:00.  Tulgua terveh! –ù–∞—Ç–∞–ª—å—è https://vk.com/natalipas https://vk.com/piiterinkursit,2016-10-25 01:00:20,0,0,0
332,"–ü–æ–º–æ–≥–∏—Ç–µ, –ø–æ–∂–∞–ª—É–π—Å—Ç–∞! –ù–µ –º–æ–≥—É –∏–∑ —ç–Ω—Ü–∏–∫–ª–æ–ø–µ–¥–∏—á–µ—Å–∫–æ–π —Å—Ç–∞—Ç—å–∏ –Ω–∏—á–µ–≥–æ –ø–æ–Ω—è—Ç—å(( –í –∫–∞—Ä–µ–ª—å—Å–∫–æ–º —è–∑—ã–∫–µ –µ—Å—Ç—å –æ–±—ä–µ–∫—Ç–Ω–æ–µ —Å–æ–≥–ª–∞—Å–æ–≤–∞–Ω–∏–µ –≥–ª–∞–≥–æ–ª–∞? –ù—É —Ç–æ –µ—Å—Ç—å —Å–∫–∞–∑—É–µ–º–æ–µ —Å–æ–≥–ª–∞—Å—É–µ—Ç—Å—è —Ç–æ–ª—å–∫–æ —Å –ø–æ–¥–ª–µ–∂–∞—â–∏–º –∏–ª–∏ —Å –¥–æ–ø–æ–ª–Ω–µ–Ω–∏–µ–º —Ç–æ–∂–µ? –ë—É–¥—É –æ—á–µ–Ω—å –±–ª–∞–≥–æ–¥–∞—Ä–Ω–∞ –∑–∞ –ø–æ–º–æ—â—å!",2016-10-23 00:58:37,0,0,0
323,"–í—Å–µ–º –ø—Ä–∏–≤–µ—Ç! –®—É–º–±—Ä–∞  –≤–∞–ª—Å–∫–µ!  –ú–æ—è —Å–µ–º—å—è –ø–æ –º–∞–º–µ –∏–∑ –∞—Ä–¥–∞—Ç–æ–≤—Å–∫–∏—Ö  —ç—Ä–∑—è–Ω. –í–æ–ø—Ä–æ—Å –∫ –∑–Ω–∞—Ç–æ–∫–∞–º: –Ω–∞—Å–∫–æ–ª—å–∫–æ —ç—Ä–∑—è–Ω—Å–∫–∏–π –æ—Ç–ª–∏—á–∞–µ—Ç—Å—è –æ—Ç –∫–∞—Ä–µ–ª—å—Å–∫–æ–≥–æ? –ú—ã –Ω–∏–∫–æ–≥–¥–∞ –Ω–µ —Ä–∞–∑–≥–æ–≤–∞—Ä–∏–≤–∞–ª–∏ –Ω–∞ –Ω–µ–º, —Ç–∞–∫ –∫–∞–∫ —Å—Ç–∞—Ä—à–∏–µ —Ä–æ–¥—Å—Ç–≤–µ–Ω–Ω–∏–∫–∏ –º–Ω–æ–≥–∏–µ —É–∂–µ —É–º–µ—Ä–ª–∏ –∏ —É—á–∏—Ç—å—Å—è –±—ã–ª–æ –Ω–µ —É –∫–æ–≥–æ.",2016-10-05 10:07:18,0,0,0
318,"–î—Ä—É–∑—å—è, –ø–æ–º–æ–≥–∏—Ç–µ —Å –ø–µ—Ä–µ–≤–æ–¥–æ–º Veneh on viel√§ tervuamatta. Naisien on paikattava nuotta. Stolalla ≈°uurella luuvvalla on sri√§piny√§. Meƒça≈°t√§ kuuluu ≈°ahojen ta-kirvehien i√§ni. Uu≈°i talo rakennetih viije≈°≈°√§ kuukauve≈°≈°a.",2016-09-19 22:59:17,0,0,0
317,"–î—Ä—É–∑—å—è! –ü—Ä–∏–≥–ª–∞—à–∞–µ–º –≤—Å—Ç—É–ø–∏—Ç—å –≤ –≥—Ä—É–ø–ø—É ""–§–∏–Ω–ª—è–Ω–¥–∏—è –≤ –ª–∏—Ü–∞—Ö"" vk.com/fin_face - —Å–æ–æ–±—â–µ—Å—Ç–≤–æ –æ–± –∏–∑–≤–µ—Å—Ç–Ω—ã—Ö –∏ –Ω–µ –æ—á–µ–Ω—å —Ñ–∏–Ω–Ω–∞—Ö. –ö–∞–∂–¥—ã–π –¥–µ–Ω—å - –Ω–æ–≤–æ–µ –ª–∏—Ü–æ. –£–∑–Ω–∞–π—Ç–µ –æ —Å–≤–æ–∏—Ö —Å–æ—Å–µ–¥—è—Ö –±–æ–ª—å—à–µ! ;)",2016-09-14 23:03:03,2,0,0
315,"–ê—É–¥–∏–æ–±–∏–±–ª–∏—è –Ω–∞ —Å–µ–≤–µ—Ä–æ-–∫–∞—Ä–µ–ª—å—Å–∫–æ–º (–Ω–µ –∑–Ω–∞—é, –±—ã–ª–æ –ª–∏ —É–∂–µ —ç—Ç–æ –≤ –≥—Ä—É–ø–ø–µ –∏ –Ω—É–∂–Ω–æ –ª–∏; –Ω–∏—á–µ–≥–æ –Ω–µ –º–æ–≥—É —Å–∫–∞–∑–∞—Ç—å –ø—Ä–æ –∫–∞—á–µ—Å—Ç–≤–æ, –∏–±–æ —è–∑—ã–∫–æ–º –Ω–µ –≤–ª–∞–¥–µ—é):  –í–º–µ—Å—Ç–µ —Å —Ç–µ–∫—Å—Ç–æ–º (–¥–ª—è –∞—É–¥–∏–æ - –Ω–∞–∂–∞—Ç—å –Ω–∞ –∫–Ω–æ–ø–∫—É ""–ø–ª–µ–π"") http://www.bible.is/KRLIBT/Matt/1  –í –≤–∏–¥–µ —Ä–∞–¥–∏–æ: http://www.bible.is/radio/KRLIBTN1DA  –°—Å—ã–ª–∫–∞ –Ω–∞ —Ä–∞–¥–∏–æ –¥–ª—è –∞—É–¥–∏–æ-–ø–ª–µ–µ—Ä–∞: http://radio.bible.is:8000/KRLIBTN1DA  –£ –Ω–∏—Ö –∂–µ –≥–¥–µ-—Ç–æ –Ω–∞–≤–µ—Ä–Ω—è–∫–∞ –µ—Å—Ç—å —Å–ø–æ—Å–æ–± —Å–ª—É—à–∞—Ç—å —ç—Ç–æ —á–µ—Ä–µ–∑ –º–æ–±–∏–ª—å–Ω—ã–µ –ø—Ä–∏–ª–æ–∂–µ–Ω–∏—è.",2016-08-17 16:42:13,4,0,0
313,"–ê—É–¥–∏–æ–±–∏–±–ª–∏—è –Ω–∞ —Å–µ–≤–µ—Ä–æ-–∫–∞—Ä–µ–ª—å—Å–∫–æ–º (–Ω–µ –∑–Ω–∞—é, –±—ã–ª–æ –ª–∏ —É–∂–µ —ç—Ç–æ –≤ –≥—Ä—É–ø–ø–µ –∏ –Ω—É–∂–Ω–æ –ª–∏; –Ω–∏—á–µ–≥–æ –Ω–µ –º–æ–≥—É —Å–∫–∞–∑–∞—Ç—å –ø—Ä–æ –∫–∞—á–µ—Å—Ç–≤–æ, –∏–±–æ —è–∑—ã–∫–æ–º –Ω–µ –≤–ª–∞–¥–µ—é):  –í–º–µ—Å—Ç–µ —Å —Ç–µ–∫—Å—Ç–æ–º (–¥–ª—è –∞—É–¥–∏–æ - –Ω–∞–∂–∞—Ç—å –Ω–∞ –∫–Ω–æ–ø–∫—É ""–ø–ª–µ–π"") http://www.bible.is/KRLIBT/Matt/1  –í –≤–∏–¥–µ —Ä–∞–¥–∏–æ: http://www.bible.is/radio/KRLIBTN1DA  –°—Å—ã–ª–∫–∞ –Ω–∞ —Ä–∞–¥–∏–æ –¥–ª—è –∞—É–¥–∏–æ-–ø–ª–µ–µ—Ä–∞: http://radio.bible.is:8000/KRLIBTN1DA  –£ –Ω–∏—Ö –∂–µ –≥–¥–µ-—Ç–æ –Ω–∞–≤–µ—Ä–Ω—è–∫–∞ –µ—Å—Ç—å —Å–ø–æ—Å–æ–± —Å–ª—É—à–∞—Ç—å —ç—Ç–æ —á–µ—Ä–µ–∑ –º–æ–±–∏–ª—å–Ω—ã–µ –ø—Ä–∏–ª–æ–∂–µ–Ω–∏—è.",2016-08-16 23:29:19,2,0,0
304,Huomne≈°t‚Äô√§ht‚Äôi - Saamil‚Äô√§k≈°i (C) 0049 - –æ—Ä–≥–∞–ª–∏—Ç ‚Äì –º–∞—Å–ª–æ 40 –• 40  Perinteiset suomalais-ugrilaisten symboleja. Sami aamut√§hten√§ / –°–∞–∞–º—Å–∫–∞—è —É—Ç—Ä–µ–Ω–Ω—è—è –∑–≤–µ–∑–¥–∞. –¢—Ä–∞–¥–∏—Ü–∏–æ–Ω–Ω—ã–µ —Å–∏–º–≤–æ–ª—ã —Ñ–∏–Ω–Ω–æ-—É–≥–æ—Ä—Å–∫–∏—Ö –Ω–∞—Ä–æ–¥–æ–≤.,2016-07-29 16:29:18,4,0,0
303,–¥—Ä—É–∑—å—è –ø–æ–º–æ–≥–∏—Ç–µ –ø–æ–∂–∞–ª—É–π—Å—Ç–∞ —Å –ø–µ—Ä–µ–≤–æ–¥–æ–º —Å–ª–µ–¥—É—é—â–∏—Ö —Å–ª–æ–≤  –∫–∞—Å–∫–∏  —Å–∏—Ç—Ç–∞  –∞–∫–∫–∞  –≤–µ—Ö—Ç–∏  —Å—è—Ä–∫–∏  –ø—é—Ö—Ç–∞  –∑–∞—Ä–∞–Ω–µ–µ –±–ª–∞–≥–æ–¥–∞—Ä—é;) —è —Å–µ–π—á–∞—Å –≤ –∫–∞—Ä–µ–ª–∏–∏ –Ω–∞ –ª–∞–¥–æ–≥–µ –∏ —Ö–æ—á—É –Ω–∞ –±–ª–∏–∂–∞–π—à–∏—Ö –æ—Å—Ç—Ä–æ–≤–∞—Ö –æ—Å—Ç–∞–≤–∏—Ç—å —Ç–∞–±–ª–∏—á–∫–∏ —Å –∏—Ö –Ω–∞–∑–≤–∞–Ω–∏—è–º–∏) —Ç–µ —Å–ª–æ–≤–∞ –∏ –µ—Å—Ç—å –ø–µ—Ä–≤—ã–µ –ø–æ–ª —Å–ª–æ–≤–∞ –≤—Ç–æ—Ä–æ–µ —Å–∞–∞—Ä–∏ - —ç—Ç–æ –æ—Å—Ç—Ä–æ–≤ —è —Ç–∞–∫ –ø–æ–Ω–∏–º–∞—é,2016-07-29 16:11:37,0,0,0
300,Hello ladies and gentlemen!!! My name is Svetlana! I'm a native speaker of Russian language. I teach Russian as foreign. Do you want to learn Russian? Do you need any help? I'm here!!! I'm with you!!!,2016-06-20 11:53:30,0,0,0
297,"–ü—Ä–∏–≤–µ—Ç—Å—Ç–≤—É—é –≤—Å–µ—Ö!!! –Ø —Ç–æ–ª—å–∫–æ –Ω–∞—á–∏–Ω–∞—é —É–∑–Ω–∞–≤–∞—Ç—å –ø—Ä–æ —Å–≤–æ–∏ –∫–æ—Ä–Ω–∏, –•–æ—Ç–µ–ª–æ—Å—å –±—ã —É–∑–Ω–∞—Ç—å –ø—Ä–æ –Ω–∞—Ü–∏–æ–Ω–∞–ª—å–Ω—ã–µ –∫–æ—Å—Ç—é–º—ã( –Ω–∏–≥–¥–µ –Ω–µ –º–æ–≥—É –Ω–∞–π—Ç–∏ –∏–Ω—Ñ–æ—Ä–º–∞—Ü–∏—é) - —É–∑–æ—Ä—ã –≤—ã—à–∏–≤–∫–∏, –µ—Å–ª–∏ –≤–æ–æ–±—â–µ –µ—Å—Ç—å —Ç–∞–∫–æ–µ!!! –ë—É–¥—É –±–ª–∞–≥–æ–¥–∞—Ä–Ω–∞!!!",2016-06-07 15:25:52,4,0,0
296,"–ì–¥–µ –≤ –ö–∞—Ä–µ–ª–∏–∏ –º–æ–∂–Ω–æ —É—Å–ª—ã—à–∞—Ç—å –∫–∞—Ä–µ–ª—å—Å–∫–∏–π –∏ –ø–æ–∑–Ω–∞–∫–æ–º–∏—Ç—Å—è —Å –∫–∞—Ä–µ–ª—å—Å–∫–∏–º –±—ã—Ç–æ–º? –î—É–±–ª–∏—Ä—É—é—Ç—Å—è –ª–∏ –≤ –ö–∞—Ä–µ–ª–∏–∏ –æ–±—ä—è–≤–ª–µ–Ω–∏—è –Ω–∞ –∫–∞—Ä–µ–ª—å—Å–∫–∏–π? –ï–¥—É —Ç—É–¥–∞ –≤ –∫–æ–Ω—Ü–µ –∏—é–Ω—è, —Ä–µ–≥–∏–æ–Ω, –ø–æ–º–∏–º–æ –ø—Ä–∏—Ä–æ–¥–Ω—ã—Ö –∫—Ä–∞—Å–æ—Ç –∏–Ω—Ç–µ—Ä–µ—Å–µ–Ω –≤ –∫—É–ª—å—Ç—É—Ä–Ω–æ–º –ø–ª–∞–Ω–µ.",2016-06-06 08:40:05,2,0,0
294,"–î–æ–±—Ä—ã–π –¥–µ–Ω—å!üòä –ü–æ–¥—Å–∫–∞–∂–∏—Ç–µ, –ø–æ–∂–∞–ª—É–π—Å—Ç–∞, —ç—Ç–æ –¥–æ—Å–ª–æ–≤–Ω—ã–π –ø–µ—Ä–µ–≤–æ–¥? Hongikot dai kivim√§gy√∂t -–≠—Ç–∞ —Å–∫–∞–∑–∫–∞ —Å–∫–∞–ª –∏ —Å–æ—Å–µ–Ω –ï—Å–ª–∏ –Ω–µ—Ç, —Ç–æ –∫–∞–∫ –ø—Ä–∞–≤–∏–ª—å–Ω–æ –ø–µ—Ä–µ–≤–µ—Å—Ç–∏ —ç—Ç—É —Ä—É—Å—Å–∫—É—é —Ñ—Ä–∞–∑—É –Ω–∞ –∫–∞—Ä–µ–ª—å—Å–∫–∏–π? –¢–∞–∫–∂–µ –±—É–¥—É –æ—á–µ–Ω—å –±–ª–∞–≥–æ–¥–∞—Ä–Ω–∞ –∑–∞ —Ç—Ä–∞–Ω—Å–∫—Ä–∏–ø—Ü–∏—é))üòá",2016-05-31 16:11:52,1,0,0
291,–ë—É–¥—É –æ—á–µ–Ω—å –±–ª–∞–≥–æ–¥–∞—Ä–µ–Ω –∑–∞ –ø–æ–¥–ø–∏—Å–∫—É –≤ –ò–Ω—Å—Ç–∞–≥—Ä–∞–º!  #—É—á–∏–º–∫–∞—Ä–µ–ª—å—Å–∫–∏–π—è–∑—ã–∫ Karjalan_kieli –°–ø–∞–º–∞ –ù–ï–¢!),2016-05-27 10:23:33,2,0,0
288,–î–æ–±—Ä—ã–π –¥–µ–Ω—å –ø–æ–¥—Å–∫–∞–∂–∏—Ç–µ –µ—Å—Ç—å –∞—É–¥–∏–æ —Ä–∞–∑–≥–æ–≤–æ—Ä–Ω–∏–∫?,2016-05-20 09:44:22,0,0,0
285,"–í—Å–µ–º —Ç–µ–º, –∫–æ–º—É –∏–Ω—Ç–µ—Ä–µ—Å–µ–Ω –∫–∞—Ä–µ–ª—å—Å–∫–∏–π —è–∑—ã–∫!  –ü–æ—è–≤–∏–ª—Å—è —Ç–µ–∫—Å—Ç –∏ –ø–µ—Ä–µ–≤–æ–¥ –ø–µ—Å–Ω–∏ —É—à–µ–¥—à–µ–≥–æ –æ—Ç –Ω–∞—Å –∫–∞—Ä–µ–ª—å—Å–∫–æ–≥–æ –º—É–∑—ã–∫–∞–Ω—Ç–∞ –õ–µ–æ –°–µ–≤–µ—Ü–∞ ""√Ñl√§ muamo ƒçakkua"" - ""–ù–µ —Ä—É–≥–∞–π, –º–∞–º–∞"". –ü–µ—Ä–µ–Ω–µ—Å–ª–∞ —Ç–µ–∫—Å—Ç –Ω–∞ –±—É–º–∞–≥—É –∏ –≤—ã–ø–æ–ª–Ω–∏–ª–∞ –ø–µ—Ä–µ–≤–æ–¥ –¢–∞—Ç—å—è–Ω–∞ –ë–∞—Ä–∞–Ω–æ–≤–∞.   –õ–µ–æ –°–µ–≤–µ—Ü –±—ã–ª –º—É–∑—ã–∫–∞–Ω—Ç–æ–º-–æ—Ä–∫–µ—Å—Ç—Ä–æ–º.  –û–Ω –≤–∏—Ä—Ç—É–æ–∑–Ω–æ –∏–≥—Ä–∞–ª –Ω–∞ –º–Ω–æ–≥–∏—Ö –Ω–∞—Ä–æ–¥–Ω—ã—Ö –∏–Ω—Å—Ç—Ä—É–º–µ–Ω—Ç–∞—Ö - —Å—Ç—Ä—É–Ω–Ω–æ–µ –∫–∞–Ω—Ç–µ–ª–µ, –π–æ—É—Ö–∏–∫–∫–æ, –≥–∏—Ç–∞—Ä–∞. –ë—ã–ª —É—á–∞—Å—Ç–Ω–∏–∫–æ–º –Ω–∞—Ä–æ–¥–Ω—ã—Ö –∞–Ω—Å–∞–º–±–ª–µ–π ""Toive"", ""–ö–∞–Ω—Ç–µ–ª–µ"" –∏ –≤–æ–∫–∞–ª–∏—Å—Ç–æ–º –ª–µ–≥–µ–Ω–¥–∞—Ä–Ω–æ–π –∫–∞—Ä–µ–ª—å—Å–∫–æ–π –≥—Ä—É–ø–ø—ã ""Myllarit"". –í—Å–µ–π —Å–≤–æ–µ–π –¥—É—à–æ–π –≥–ª—É–±–æ–∫–æ —á—É–≤—Å—Ç–≤–æ–≤–∞–ª –Ω–∞—Ä–æ–¥–Ω—É—é –º—É–∑—ã–∫—É. –ò–Ω—Å—Ç—Ä—É–º–µ–Ω—Ç –≤ –µ–≥–æ —Ä—É–∫–∞—Ö –Ω–µ –∏–≥—Ä–∞–ª - —Ä–∞–∑–≥–æ–≤–∞—Ä–∏–≤–∞–ª. –õ–µ–æ –∏—Å–ø–æ–ª–Ω—è–ª –Ω–∞—Ä–æ–¥–Ω—ã–µ –ø–µ—Å–Ω–∏ –Ω–∞ —Ñ–∏–Ω—Å–∫–æ–º, –∫–∞—Ä–µ–ª—å—Å–∫–æ–º –∏ —Ä—É—Å—Å–∫–æ–º —è–∑—ã–∫–∞—Ö. –ù–∞–∂–∞–≤ –Ω–∞ –Ω–∞–∑–≤–∞–Ω–∏–µ –ø–µ—Å–Ω–∏, –í–∞–º –æ—Ç–∫—Ä–æ–µ—Ç—Å—è –µ–≥–æ —Ç–µ–∫—Å—Ç –∏ –ø–µ—Ä–µ–≤–æ–¥.",2016-05-05 19:13:35,14,0,0
276,–ù–∞ –ø–æ—Ä—Ç–∞–ª Fenno-Ugrica –≤ —Å–≤–æ–±–æ–¥–Ω—ã–π –¥–æ—Å—Ç—É–ø –≤—ã–ª–æ–∂–µ–Ω—ã –≥–∞–∑–µ—Ç—ã –Ω–∞ –∫–∞—Ä–µ–ª—å—Å–∫–æ–º —è–∑—ã–∫–µ:  –û–ª–æ–Ω–µ—Ü–∫–∞—è –∑–≤–µ–∑–¥–∞ (1919) https://fennougrica.kansalliskirjasto.fi/handle/10024/87245 Kolhozoin puoleh (1931-1933) https://fennougrica.kansalliskirjasto.fi/handle/10024/88344 –ù–∞ –∫–æ–ª—Ö–æ–∑–Ω–æ–π —Å—Ç—Ä–æ–π–∫–µ (1936) https://fennougrica.kansalliskirjasto.fi/handle/10024/87281 Karielan to∆∂i (1937-1939) https://fennougrica.kansalliskirjasto.fi/handle/10024/87267  –û—Å–æ–±–µ–Ω–Ω–æ –æ–Ω–∏ –±—É–¥—É—Ç –∏–Ω—Ç–µ—Ä–µ—Å–Ω—ã –≤—Å–µ–º –∏–Ω—Ç–µ—Ä–µ—Å—É—é—â–∏–º—Å—è —Ç–≤–µ—Ä—Å–∫–∏–º –¥–∏–∞–ª–µ–∫—Ç–æ–º –∫–∞—Ä–µ–ª—å—Å–∫–æ–≥–æ —è–∑—ã–∫–∞.,2016-05-03 15:43:02,5,0,0
273,"—É –º–µ–Ω—è –±–∞–±—É—à–∫–∞ –∫–∞—Ä–µ–ª–∫–∞ –∏–∑ –ü—Ä–∏–æ–Ω–µ–∂—Å–∫–æ–≥–æ —Ä–∞–π–æ–Ω–∞ - –∑–Ω–∞–µ—Ç —á–∞—Å—Ç—É—à–∫–∏, –∫–æ—Ç–æ—Ä—ã–µ —è –Ω–∞ –±—ã—Å—Ç—Ä—ã–π –ø–æ–∏—Å–∫ –Ω–µ –≤–∏–∂—É –≤ –∑–∞–ø–∏—Å—è—Ö. –ê –µ—â–µ –æ–Ω–∞ —É–º–µ–µ—Ç ""–ø–ª–∞–∫–∏–¥–∞—Ç—å"" - –æ–ø–ª–∞–∫–∏–≤–∞—Ç—å —É–º–µ—Ä—à–∏—Ö. –ú–æ–∂–µ—Ç –∫—Ç–æ –∑–∞–Ω–∏–º–∞–µ—Ç—Å—è —á–∞—Å—Ç—É—à–∫–∞–º–∏, –∏–ª–∏ —ç—Ç–∏–º –∂–∞–Ω—Ä–æ–º, –∏–º –Ω—É–∂–Ω—ã –ø–∞—Ä–æ—á–∫–∞ –¥–ª—è –º–∞—Ç–µ—Ä–∏–∞–ª–∞? –ù–µ –¥–æ–ª–æ–≥ —Å—Ä–æ–∫ –æ—Å—Ç–∞–ª—Å—è —Ç–æ–º—É –ø–æ–∫–æ–ª–µ–Ω–∏—é.",2016-04-26 15:13:02,3,0,0
268,–°—Ç—Ä–∞–Ω–∏—Ü—ã –∏–∑ –≥–∞–∑–µ—Ç—ã Kolhozoin Puleh. –ú–∞—Ç–µ—Ä–∏–∞–ª –ø—Ä–µ–¥–æ—Å—Ç–∞–≤–∏–ª–∞ –ú–∞—Ä–∏–Ω–∞ –ó–∞–Ω–∏–Ω–∞.,2016-04-25 22:23:22,15,1,0
258,"–ó–¥—Ä–∞–≤—Å—Ç–≤—É–π—Ç–µ.–∫–∞–∫ –ø–æ –∫–∞—Ä–µ–ª—å—Å–∫–∏ –Ω–∞–∑—ã–≤–∞—é—Ç—Å—è –≤–∞–ª–µ–Ω–∫–∏ .9 –±—É–∫–≤.4 –±—É–∫–≤–∞ –¢,,,,",2016-04-19 20:56:45,0,0,0
249,–°–∫–∞–∂–∏—Ç–µ –∞ –µ—Å—Ç—å –∞—É–¥–∏–æ —É—á–µ–±–Ω–∏–∫ –∫–∞—Ä–µ–ª—å—Å–∫–æ–≥–æ?,2016-03-21 16:42:05,2,0,0
247,"–õ—é–¥–∏ –ø–æ–º–æ–≥–∏—Ç–µ –º–Ω–µ –ø–æ–∂–∞–ª—É–π—Å—Ç–∞! –Ø —É—á–µ–Ω–∏–∫ 11 –∫–ª–∞—Å—Å–∞ –º–Ω–µ 17 –∏ –Ω–µ –∑–Ω–∞—é —Å–≤–æ–µ–≥–æ —Ä–æ–¥–Ω–æ–≥–æ —è–∑—ã–∫–∞(–∫–∞—Ä–µ–ª—å—Å–∫–æ–≥–æ). –ö–æ–º—É –Ω–µ —Ç—Ä—É–¥–Ω–æ –Ω–∞–ø–∏—à–∏—Ç–µ –≤ –∫–æ–º–º–µ–Ω—Ç–∞—Ä–∏–∏ –∫–∞–∫–∏–µ –Ω–∏–±—É–¥—å —Å—Ç–∏—Ö–∏ –≤ 3 –≤–∏–¥–∞—Ö(–Ω–∞ –∫–∞—Ä–µ–ª—å—Å–∫–æ–º –ø–µ—Ä–µ–≤–æ–¥ –∏ –∫–∞–∫ —á–∏—Ç–∞–µ—Ç—Å—è). –û—á–µ–Ω—å –≤–∞—Å –ø—Ä–æ—à—É –Ω–∞–ø—Ä–∏–º–µ—Ä –≤–æ—Ç —Ç–∞–∫:  "" –°–µ–≥–æ–¥–Ω—è –≤—Å—Ç–∞–Ω—É —è —Å —Ä–∞—Å—Å–≤–µ—Ç–æ–º,  –ò –±–æ—Å–∏–∫–æ–º –ø–æ–π–¥—É –∫ —Ä–µ–∫–µ,  –ò –Ω–∞–ø–∏—à—É —Å—Ç–∏—Ö–∏ –æ–± —ç—Ç–æ–º  –í–∞–º, –Ω–∞ –∫–∞—Ä–µ–ª—å—Å–∫–æ–º —è–∑—ã–∫–µ... ""  T√§n√§p√§i nouzen ylen aijoi I keng√§tt√§h l√§hten (evele?) I kirjutan ruon, kui mid√§ oli Karjalan kielel sinule  –¢–∞–Ω–∞–ø—è–π –Ω–æ–≤–∑–µ–Ω —É–ª–µ–Ω –∞–π–≥–æ–π, –ò –∫–µ–Ω–≥–∞–º—Ö—Ç–∞—Ö –ª—è—Ö—Ç–µ–Ω –µ–≤–µ–ª–µ, –ò –∫–∏—Ä—å—é—Ç–∞–Ω —Ä—É–æ–Ω,–∫—É–π –º–∏–¥–∞ –æ–¥–∏, –ö–∞—Ä—å—è–ª–∞–Ω –∫–∏–∞–ª–µ–ª —Å–∏–Ω—É–ª–µ....",2016-03-11 22:46:44,7,0,0
242,"–†–µ–∫–æ—Ä–¥ —Å–∫–∞—á–∏–≤–∞–Ω–∏–π –≤ Fenno-Ugrica! –¢–æ–ª—å–∫–æ –∑–∞ —è–Ω–≤–∞—Ä—å 2016 –≥–æ–¥–∞ –ø–æ–ª—å–∑–æ–≤–∞—Ç–µ–ª—è–º–∏ –±—ã–ª–æ –ø—Ä–æ–∏–∑–≤–µ–¥–µ–Ω–æ 55 000 —Å–∫–∞—á–∏–≤–∞–Ω–∏–π —Ä–∞–∑–ª–∏—á–Ω—ã—Ö –º–∞—Ç–µ—Ä–∏–∞–ª–æ–≤, –≤ –æ—Å–Ω–æ–≤–Ω–æ–º, –∑–∞ —Å—á–µ—Ç —Ä–æ—Å—Å–∏–π—Å–∫–∏—Ö –ø–æ–ª—å–∑–æ–≤–∞—Ç–µ–ª–µ–π –∏–∑ —Ä–∞–∑–ª–∏—á–Ω—ã—Ö, –±–æ–ª—å—à–∏—Ö –∏ –Ω–µ –æ—á–µ–Ω—å, —Ñ–∏–Ω–Ω–æ-—É–≥–æ—Ä—Å–∫–∏—Ö —Ä–∞–π–æ–Ω–æ–≤ –∏ –æ–±–ª–∞—Å—Ç–µ–π.  –ë–ª–∞–≥–æ–¥–∞—Ä–∏–º –≤—Å–µ—Ö –Ω–∞—à–∏—Ö –ø–æ–ª—å–∑–æ–≤–∞—Ç–µ–ª–µ–π –∑–∞ –∏–Ω—Ç–µ—Ä–µ—Å –∫ –ø—Ä–æ–µ–∫—Ç—É!  –ù–æ–≤—ã–µ –ø–æ—Å—Ç—É–ø–ª–µ–Ω–∏—è –≥–∞–∑–µ—Ç –Ω–∞ —É–¥–º—É—Ä—Ç—Å–∫–æ–º –∏ –∫–æ–º–∏ —è–∑—ã–∫–µ –º–æ–∂–Ω–æ –ø—Ä–æ—Å–º–æ—Ç—Ä–µ—Ç—å –∑–¥–µ—Å—å: https://fennougrica.kansalliskirjasto.fi/browse?type=dateaccessioned  #—Ñ–∏–Ω–Ω–æ—É–≥—Ä—ã #–∫–æ—Ä–µ–Ω–Ω—ã–µ–Ω–∞—Ä–æ–¥—ã",2016-02-01 13:27:40,1,0,0
241,"–î–æ–±—Ä–æ–≥–æ –≤—Ä–µ–º–µ–Ω–∏ —Å—É—Ç–æ–∫! –ò—â—É —á–µ–ª–æ–≤–µ–∫–∞, –∫–æ—Ç–æ—Ä—ã–π —Å–ø–æ—Å–æ–±–µ–Ω —Ä–∞—Å—Å–∫–∞–∑–∞—Ç—å –æ–± –æ—Å–Ω–æ–≤–∞—Ö –∫–∞—Ä–µ–ª—å—Å–∫–æ–≥–æ —è–∑—ã–∫–∞, —Ç.–∫. –≤ –∏–Ω—Ç–µ—Ä–Ω–µ—Ç–µ –¥–æ–ª–∂–Ω–æ–π –∏–Ω—Ñ–æ—Ä–º–∞—Ü–∏–∏ –Ω–µ –Ω–∞—Ö–æ–∂—É. –°–≤—è–∂—É—Å—å –≤ –õ–°, –∑–∞—Ä–∞–Ω–µ–µ —Å–ø–∞—Å–∏–±–æ.",2016-01-30 22:08:11,1,0,0
237,–ù–æ–≤—ã–µ –ø–æ—Å—Ç—É–ø–ª–µ–Ω–∏—è –Ω–∞ –ø–æ—Ä—Ç–∞–ª–µ Uralica! –í –∫–æ–ª–ª–µ–∫—Ü–∏—é –±—ã–ª–∏ –¥–æ–±–∞–≤–ª–µ–Ω—ã —Å—Å—ã–ª–∫–∏ –Ω–∞ –æ—Ü–∏—Ñ—Ä–æ–≤–∞–Ω–Ω—É—é –≤ –¢–≤–µ—Ä—Å–∫–æ–π –æ–±–ª–∞—Å—Ç–Ω–æ–π –±–∏–±–ª–∏–æ—Ç–µ–∫–µ –≥–∞–∑–µ—Ç—É Karielan Sana –Ω–∞ —Ç–≤–µ—Ä—Å–∫–æ–º –¥–∏–∞–ª–µ–∫—Ç–µ –∫–∞—Ä–µ–ª—å—Å–∫–æ–≥–æ —è–∑—ã–∫–∞ –∑–∞ 1996-1997. –û–∑–Ω–∞–∫–æ–º–∏—Ç—å—Å—è —Å –Ω–æ–º–µ—Ä–∞–º–∏ –≥–∞–∑–µ—Ç—ã –º–æ–∂–Ω–æ –ø–æ —Å—Å—ã–ª–∫–µ: http://uralica.kansalliskirjasto.fi/Search/Results?lo..     Search Results - Karielan Sana - Uralica uralica.kansalliskirjasto.fi,2016-01-20 17:02:16,3,0,0
236,"–Ø —Ä–æ–¥–∏–ª–∞—Å—å –Ω–∞ –°–µ–≤–µ—Ä–µ –ö–∞—Ä–µ–ª–∏–∏ –≤ –¢–∏–∫—à–µ,–±—ã–≤—à–∏–π –†—É–≥–æ–∑–µ—Ä—Å–∫–∏–π,–ø–æ—Ç–æ–º –°–µ–≥–µ–∂—Å–∫–∏–π,—Ç–µ–ø–µ—Ä—å –ú—É–µ–∑–µ—Ä—Å–∫–∏–π —Ä–∞–π–æ–Ω.–í —Å–µ–º—å–µ –ö–∞—Ä–µ–ª—å—Å–∫–æ–π,–¥–æ 6 –ª–µ—Ç –Ω–µ –∑–Ω–∞–ª–∞ —Ä—É—Å—Å–∫–æ–≥–æ —è–∑—ã–∫–∞ ,–ø–æ–∫–∞ –Ω–µ –ø–æ—à–ª–∞ –≤ —à–∫–æ–ª—É.–ù–æ –∫ —Å–æ–∂–∞–ª–µ–Ω–∏—é –∑–∞–±—ã–ª–∞ –ö–∞—Ä–µ–ª—å—Å–∫–∏–π —è–∑—ã–∫,–Ω–æ –≤—Å—ë —Ä–∞–≤–Ω–æ –∫–∞–∫–∞—è-—Ç–æ –Ω–æ—Å—Ç–∞–ª—å–≥–∏—è –µ—Å—Ç—å.–¢–µ–ø–µ—Ä—å –∂–∏–≤—è –≤ –§–∏–Ω–ª—è–Ω–¥–∏–∏ –≥–æ–≤–æ—Ä—é –Ω–∞ —Ñ–∏–Ω—Å–∫–æ–º,–Ω–æ —É—Å–ª—ã—à–∞–≤ –∫–∞—Ä–µ–ª—å—Å–∫–æ–µ —Å–ª–æ–≤–æ –∏ —Ä–∞–∑–≥–æ–≤–æ—Ä,–¥—É—à–∞ —Ä–∞–¥—É–µ—Ç—Å—è.–ü–æ—ç—Ç–æ–º—É —Å —É–¥–æ–≤–æ–ª—å—Å—Ç–≤–∏–µ–º –±—É–¥—É –≤—Å–ø–æ–º–∏–Ω–∞—Ç—å —Å–≤–æ–π —è–∑—ã–∫.",2016-01-20 09:32:08,7,0,0
235,"–í–Ω–∏–º–∞–Ω–∏–µ! –°–æ–±—ã—Ç–∏–µ –Ω–æ–≤–æ–≥–æ 2016 –≥–æ–¥–∞! –í —Å–µ—Ç–∏ –ø–æ—è–≤–∏–ª–∏—Å—å –∑–∞–ø–∏—Å–∏ –ë–µ–ª–æ–≥–æ –¢–∞–Ω—Ü–∞ –Ω–∞ –∫–∞—Ä–µ–ª—å—Å–∫–æ–º —è–∑—ã–∫–µ! - –ö–∞—Ä–µ–ª—å—Å–∫–∞—è –ø–æ–ª—å–∫–∞ ""–¢—É–ª—ç-–¢—É–ª—ç"" (–ø–µ—Ä–µ–≤–æ–¥ –ê—Ä–∫–∞–¥–∏—è –¢–æ–∫–∞—Ä–µ–≤–∞) –∏ –ª–µ–≥–µ–Ω–¥–∞—Ä–Ω—ã–π –≤–∞–ª—å—Å ""–ë–µ–ª—ã–π —Ç–∞–Ω–µ—Ü"" (–ø–µ—Ä–µ–≤–æ–¥ –¢–∞—Ç—å—è–Ω—ã –ë–∞—Ä–∞–Ω–æ–≤–æ–π) –ó–≤—É–∫–æ–∑–∞–ø–∏—Å—å: –ì—Ä–∏–≥–æ—Ä–∏–π –ó–∏–º–∏–Ω –ê–≤—Ç–æ—Ä –ø—Ä–æ–µ–∫—Ç–∞: –û–ª—å–≥–∞ –ì–æ–∫–∫–æ–µ–≤–∞  –ü—Ä–∏—è—Ç–Ω–æ–≥–æ –ø—Ä–æ—Å–ª—É—à–∏–≤–∞–Ω–∏—è! –ù–∞–¥–µ–µ–º—Å—è, –º—ã –≤–∞—Å –ø–æ—Ä–∞–¥—É–µ–º –∏ –ø—Ä–∏—è—Ç–Ω–æ —É–¥–∏–≤–∏–º –Ω–µ–æ–±—ã—á–Ω—ã–º –∑–≤—É—á–∞–Ω–∏–µ–º :)  #–±–µ–ª—ã–π—Ç–∞–Ω–µ—Ü #–∫–∞—Ä–µ–ª—å—Å–∫–∏–π—è–∑—ã–∫ #–ø–µ—Ç—Ä–æ–∑–∞–≤–æ–¥—Å–∫ #—Ç–≤–æ—Ä—á–µ—Å–∫–∞—è—Å–µ–º—å—è #–≤–∏–∞ #—Å–µ–º—å—è",2016-01-12 00:42:25,11,0,0
232,–ü–æ–≥–æ–≤–æ—Ä–∫–∏,2016-01-05 20:24:52,6,1,0
231,–î—Ä—É–∑—å—è! –° –Ω–∞—Å—Ç—É–ø–∞—é—â–∏–º –ù–æ–≤—ã–º –≥–æ–¥–æ–º! –ñ–µ–ª–∞–µ–º –≤–∞–º –≤ –Ω–æ–≤–æ–º –≥–æ–¥—É –≤—Å–µ—Ö –∑–µ–º–Ω—ã—Ö –±–ª–∞–≥ –∏ —É—Å–ø–µ—Ö–æ–≤ –≤ –∏–∑—É—á–µ–Ω–∏–∏ —è–∑—ã–∫–∞!),2015-12-31 14:51:13,12,0,0
227,"–ü—Ä–æ—à—É –ø—Ä–æ—â–µ–Ω–∏—è –∑–∞ –±–µ—Å–ø–æ–∫–æ–π—Å—Ç–≤–æ. –ú–æ–∏ –ø—Ä–µ–¥–∫–∏, –∂–∏–≤—à–∏–µ –≤ —Ä–∞–π–æ–Ω–µ –°—É—Ö–æ–¥–æ–ª—å—è, –≤ —Ä–∞–Ω–Ω–∏—Ö –º–µ—Ç—Ä–∏—á–µ—Å–∫–∏—Ö –∫–Ω–∏–≥–∞—Ö (17-18 –≤–µ–∫–∞) –∑–∞–ø–∏—Å–∞–Ω—ã —Å —Ñ–∞–º–∏–ª–∏–µ–π Mackara. –í –ø–æ—Å–ª–µ–¥—Å—Ç–≤–∏–µ —Å—Ç–∞–ª–∏ –ø–∏—Å–∞—Ç—å—Å—è Makkara, —á—Ç–æ –≤ –ø–µ—Ä–µ–≤–æ–¥–µ —Å —Ñ–∏–Ω—Å–∫–æ–≥–æ ""–∫–æ–ª–±–∞—Å–∞"". –ú–æ–∂–µ—Ç –±—ã—Ç—å –ø–µ—Ä–≤–æ–Ω–∞—á–∞–ª—å–Ω–æ–µ –Ω–∞–ø–∏—Å–∞–Ω–∏–µ —Ñ–∞–º–∏–ª–∏–∏ –∏–º–µ–µ—Ç –∫–∞—Ä–µ–ª—å—Å–∫–∏–µ –∫–æ—Ä–Ω–∏? –ò–ª–∏ –≤—Å—ë-—Ç–∞–∫–∏ —Ç–∞–∫ –∫–æ–ª–±–∞—Å–∞ –ø—Ä–µ–æ–±—Ä–∞–∑–æ–≤–∞–ª–∞—Å—å? üòâ –°–ø–∞—Å–∏–±–æ.",2015-12-08 14:36:38,0,0,0
214,"–°–∫–∞–∑–∫–∞ ""–ö—É—Ä–æ—á–∫–∞ —Ä—è–±–∞"", –Ω–∞ –ö–∞—Ä–µ–ª—å—Å–∫–æ–º –†—É—Å—Å–∫–∏–º–∏ –±—É–∫–≤–∞–º–∏.",2015-11-22 18:21:42,13,3,0
213,–°–±–æ—Ä–Ω–∏–∫ —Å—Ç–∏—Ö–æ–≤ –°.–í. –¢–∞—Ä–∞—Å–æ–≤.  –ù–∞ –ö–∞—Ä–µ–ª—å—Å–∫–æ–º —è–∑—ã–∫–µ,2015-11-22 11:25:06,6,1,0
209,"–°–∫–∞–∂–∏—Ç–µ –ø–æ–∂–∞–ª—É–π—Å—Ç–∞ , –µ—Å–ª–∏ –∞—É–¥–∏–æ–∑–∞–ø–∏—Å–∏ –ø—Ä–æ–∏–∑–Ω–æ—à–µ–Ω–∏–µ –±—É–∫–≤ –≤ –ö–∞—Ä–µ–ª—å—Å–∫–æ–º —è–∑—ã–∫–µ ?",2015-11-14 04:00:36,0,0,0
208,–ú–æ–∏ –ø–µ—Ä–≤—ã–µ 100 —Å–ª–æ–≤ –ø–æ-–ö–∞—Ä–µ–ª—å—Å–∫–∏ (–¢–≤–µ—Ä—Å–∫–æ–π –≥–æ–≤–æ—Ä),2015-11-12 18:03:33,27,8,0
200,"https://play.google.com/store/apps/details?id=hitech.dictionary2 –¥–ª—è —Ç–µ—Ö –∫—Ç–æ –Ω–µ –ø–æ–Ω–∏–º–∞–µ—Ç —á—Ç–æ –≤ —ç—Ç–æ–π –≥—Ä—É–ø–ø–µ –ø–∏—à—É—Ç –Ω–æ —Ö–æ—á–µ—Ç –ø–æ–Ω—è—Ç—å, –±–µ—Å–ø–ª–∞—Ç–Ω–æ –≤ play market  –¥–ª—è android ( –≠—Ç–æ —è —Ç–∞–∫ –ø–æ–Ω–Ø–ª —Ç–µ—Å—Ç–æ–≤–∞—è –≤–µ—Ä—Å–∏—è –µ—Å—Ç—å –≥–ª—é–∫–∏, –∏ –∫—Å—Ç–∞—Ç–∏ –µ—Å—Ç—å —Ç–∞–∫–æ–π–∂–µ —Ç–æ–ª—å–∫–æ —Ä—É—Å—Å–∫–æ-–∫–∞—Ä–µ–ª—å—Å–∫–∏–π)",2015-10-05 20:56:27,2,0,0
197,"–í—Å—è –º–æ—è —Ä–æ–¥–Ω—è –∏–∑ —Ç–≤–µ—Ä—Å–∫–∏—Ö –∫–∞—Ä–µ–ª . –î–≤–µ –ø—Ä–∞–±–∞–±–∫–∏ –≤ —Ä–∞–∑–≥–æ–≤–æ—Ä–µ —Å–æ –º–Ω–æ–π –ø–µ—Ä–µ—Ö–æ–¥–∏–ª–∏ –Ω–∞ –∫–∞—Ä–µ–ª—å—Å–∫–∏–π  . –Ø –∑–Ω–∞—é –æ—á–µ–Ω—å –º–∞–ª–æ —Å–ª–æ–≤ , –∂–∞–ª–µ—é —á—Ç–æ –Ω–µ –ø—ã—Ç–∞–ª–∞—Å—å —É—á–∏—Ç—å —è–∑—ã–∫.  –ü–æ–º–Ω—é —Å–ª–æ–≤–æ ""–º–∏–¥—è""  - —á—Ç–æ –Ω–∞–¥–æ . –•–æ–≤–∫–∞ -—Å–æ–±–∞–∫–∞ . –ö–µ–Ω –æ–Ω -–∫—Ç–æ –æ–Ω ? –ù—É –∏ –µ—â—ë –Ω–µ—Å–∫–æ–ª—å–∫–æ —Å–ª–æ–≤.",2015-09-18 22:56:00,3,0,0
187,"–¢–∞–Ω–∞–ø—è–π –Ω–æ–≤–∑–µ–Ω —É–ª–µ–Ω –∞–π–≥–æ–π, –ò –∫–µ–Ω–≥–∞–º—Ö—Ç–∞—Ö –ª—è—Ö—Ç–µ–Ω –µ–≤–µ–ª–µ, –ò –∫–∏—Ä—å—é—Ç–∞–Ω —Ä—É–æ–Ω,–∫—É–π –º–∏–¥–∞ –æ–¥–∏, –ö–∞—Ä—å—è–ª–∞–Ω –∫–∏–∞–ª–µ–ª —Å–∏–Ω—É–ª–µ....",2015-08-21 13:01:18,5,0,0
186,"–î–æ–±—Ä—ã–π –¥–µ–Ω—å, –¥—Ä—É–∑—å—è. –ù–µ –ø–æ–¥—Å–∫–∞–∂–µ—Ç–µ –ª–∏, –∫–∞–∫ –Ω–∞ –∫–∞—Ä–µ–ª—å—Å–∫–æ–º –±—É–¥–µ—Ç —Å–ª–æ–≤–æ ""—á–µ—Ä–Ω–∏–∫–∞""? –ó–∞—Ä–∞–Ω–µ–µ —Å–ø–∞—Å–∏–±–æ.",2015-08-20 12:54:05,3,0,0
182,"- Mi siula on armas azie? - Muate. - Miksi? Oletko sie laiska? - Mie tykky√§n muata vain en sent√§h jotta olen laiska. Miulla miellytt√§y muate sent√§h jotta siel√§, missa on uni, on toini muailma. Siel√§ on starina. Tuo starina, kumpani on sopiva vain siuta varten. Kumpani miellytt√§y vain siulla. Siel√§ sie voit armastua, uneksie, ely√§ kun tahot... Ymm√§r√§tk√∂? Uni on parempi,parempi mit√§ el√§m√§.   - –ö–∞–∫–æ–µ —Ç–≤–æ–µ –ª—é–±–∏–º–æ–µ –∑–∞–Ω—è—Ç–∏–µ? - –°–ø–∞—Ç—å. - –ü–æ—á–µ–º—É? –¢—ã –ª–µ–Ω–∏–≤—ã–π? - –Ø –ª—é–±–ª—é —Å–ø–∞—Ç—å –Ω–µ –ø–æ—Ç–æ–º—É —á—Ç–æ —è –ª–µ–Ω–∏–≤—ã–π. –ú–Ω–µ –Ω—Ä–∞–≤–∏—Ç—Å—è —Å–ø–∞—Ç—å –ø–æ—Ç–æ–º—É —á—Ç–æ —Ç–∞–º, –≥–¥–µ —Å–æ–Ω - —Ç–∞–º –¥—Ä—É–≥–æ–π –º–∏—Ä. –¢–∞–º —Å–∫–∞–∑–∫–∞.–¢–∞ —Å–∫–∞–∑–∫–∞, –∫–æ—Ç–æ—Ä–∞—è –ø–æ–¥—Ö–æ–¥–∏—Ç —Ç–æ–ª—å–∫–æ –¥–ª—è —Ç–µ–±—è. –ö–æ—Ç–æ—Ä–∞—è –Ω—Ä–∞–≤–∏—Ç—Å—è —Ç–æ–ª—å–∫–æ —Ç–µ–±–µ. –¢–∞–º —Ç—ã –º–æ–∂–µ—à—å –ª—é–±–∏—Ç—å, –º–µ—á—Ç–∞—Ç—å, –∂–∏—Ç—å —Ç–∞–∫, –∫–∞–∫ —Ç—ã —Ö–æ—á–µ—à—å... –ü–æ–Ω–∏–º–∞–µ—à—å? –°–æ–Ω –ª—É—á—à–µ, –ª—É—á—à–µ —á–µ–º –∂–∏–∑–Ω—å.  –°–æ–±—Å—Ç–≤–µ–Ω–Ω–æ-–∫–∞—Ä–µ–ª—å—Å–∫–æ–µ –Ω–∞—Ä–µ—á–∏–µ.",2015-08-04 22:31:55,22,4,0
180,"Muuzikkassa on el√§m√§!  Muuzikka antau hyv√§mieli! Kuntele muuzikkua, tanssi, laula! El√§! Kaikkilla hyvy√§ kesy√§)",2015-07-28 17:13:58,19,3,0
178,"–°—Ç–æ–∏—Ç –ª–∏ —Ä–∞–∑–≤–∏–≤–∞—Ç—å –≥—Ä—É–ø–ø—É, –≤—ã–∫–ª–∞–¥—ã–≤–∞—Ç—å –Ω–æ–≤—ã–µ —Å–ª–æ–≤–∞ –∏ —Ñ—Ä–∞–∑—ã?",2015-07-28 16:45:12,6,0,0
176,"Terveh! Minulla on kysymys...–µ—Å—Ç—å –ª–∏ –Ω–∞ –ö–∞—Ä–µ–ª—å—Å–∫–æ–º —è–∑—ã–∫–µ —Å–ª–æ–≤–æ ""–ú—É—à–Ω—è"" –∏ —á—Ç–æ –±—ã –æ–Ω–æ –º–æ–≥–ª–æ –æ–∑–Ω–∞—á–∞—Ç—å. –°–ø–∞—Å–∏–±–æ –∑–∞—Ä–∞–Ω–µ–µ.",2015-07-28 02:49:24,2,0,0
174,"–î–æ—Ä–æ–≥–∏–µ –¥—Ä—É–∑—å—è! –ö —Å–æ–∂–∞–ª–µ–Ω–∏—é, –Ω–∞—à–∞ –≥—Ä—É–ø–ø–∞ –∑–∞—Å—Ç—Ä—è–ª–∞ –Ω–∞ –æ–¥–Ω–æ–º –º–µ—Å—Ç–µ. –í —Å–ª–µ–¥—Å—Ç–≤–∏–∏ —á–µ–≥–æ —É –∞–¥–º–∏–Ω–∏—Å—Ç—Ä–∞—Ü–∏–∏ –ø–æ—è–≤–∏–ª–æ—Å—å –ø—Ä–µ–¥–ª–æ–∂–µ–Ω–∏–µ –∫–æ –≤—Å–µ–º —É—á–∞—Å—Ç–Ω–∏–∫–∞–º –∏ –∂–µ–ª–∞—é—â–∏–º –≤—ã—É—á–∏—Ç—å –∫–∞—Ä–µ–ª—å—Å–∫–∏–π —è–∑—ã–∫. –ú—ã –ø—Ä–µ–¥–ª–∞–≥–∞–µ–º –≤–∞–º –≤—ã—Ä–∞–∑–∏—Ç—å —Å–≤–æ–∏ –ø–æ–∂–µ–ª–∞–Ω–∏—è –æ —Ç–æ–º, —Å–ª–æ–≤–∞ –∫–∞–∫–æ–π —Ç–µ–º—ã –≤—ã –±—ã —Ö–æ—Ç–µ–ª–∏ —É–∑–Ω–∞—Ç—å –≤ –Ω–∞—à–µ–π –≥—Ä—É–ø–ø–µ, –∫–∞–∫–∏–µ —Ñ—Ä–∞–∑—ã –≤–∞–º –∏–Ω—Ç–µ—Ä–µ—Å–Ω—ã –Ω–∞ –∫–∞—Ä–µ–ª—å—Å–∫–æ–º —è–∑—ã–∫–µ –∏ –ø—Ä–æ—á–µ–µ. –°–≤–æ–∏ –ø—Ä–µ–¥–ª–æ–∂–µ–Ω–∏—è –º–æ–∂–µ—Ç–µ –ø–∏—Å–∞—Ç—å –≤ –∫–æ–º–º–µ–Ω—Ç–∞—Ä–∏–∏ –∏–ª–∏ –≤ –ª–∏—á–∫—É –∞–¥–º–∏–Ω–∏—Å—Ç—Ä–∞—Ç–æ—Ä–∞–º. –ú—ã –ø–æ—Å—Ç–∞—Ä–∞–µ–º—Å—è —É—á–µ—Å—Ç—å –∫–∞–∂–¥–æ–µ –º–Ω–µ–Ω–∏–µ –∏ –ø–æ–¥–≥–æ—Ç–æ–≤–∏—Ç—å –ø–æ–¥–±–æ—Ä–∫—É —Å–ª–æ–≤ –∏ —Ñ—Ä–∞–∑ –ø–æ –≤–∞—à–µ–º—É –∂–µ–ª–∞–Ω–∏—é. –ü–æ—Å–ª–µ —Ç–æ–≥–æ –∫–∞–∫ —Ç–µ–º—ã –±—É–¥—É—Ç –æ–ø—É–±–ª–∏–∫–æ–≤–∞–Ω—ã, –º—ã —Å–º–æ–∂–µ–º –ø–æ–ø—Ä–æ–±–æ–≤–∞—Ç—å —Å–æ–∑–¥–∞—Ç—å –¥–∏–∞–ª–æ–≥–∏ —Å–æ–æ—Ç–≤–µ—Ç—Å—Ç–≤—É—é—â–µ–π –Ω–∞–ø—Ä–∞–≤–ª–µ–Ω–Ω–æ—Å—Ç–∏, –ø–æ–≥–æ–≤–æ—Ä–∏—Ç—å –Ω–∞ –∫–∞—Ä–µ–ª—å—Å–∫–æ–º —è–∑—ã–∫–µ, —Ç–µ–º —Å–∞–º—ã–º –∑–∞–∫—Ä–µ–ø–∏–≤ –ø–æ–ª—É—á–µ–Ω–Ω—ã–µ –∑–Ω–∞–Ω–∏—è.  –ñ–¥–µ–º –≤–∞—à–∏—Ö –ø—Ä–µ–¥–ª–æ–∂–µ–Ω–∏–π! –° —É–≤–∞–∂–µ–Ω–∏–µ–º, –∞–¥–º–∏–Ω–∏—Å—Ç—Ä–∞—Ü–∏—è –≥—Ä—É–ø–ø—ã ""–£—á–∏–º –ö–∞—Ä–µ–ª—å—Å–∫–∏–π —è–∑—ã–∫""",2015-07-27 18:57:14,7,0,0
168,–†–∞–∑–≥–æ–≤–æ—Ä –∑–∞ —Å—Ç–æ–ª–æ–º ( –Ω–∞ –∫–∞—Ä–µ–ª—å—Å–∫–æ–º ) https://cloud.mail.ru/public/HNSv/5N8o24tC4,2015-07-14 13:38:16,3,0,0
163,–¢–µ—Ä–≤–∏-–ø—Ä–∏–≤–µ—Ç.–ê –∫–∞–∫ –ø–æ–∫–∞?,2015-06-24 00:12:37,0,0,0
161,"–ù–∞ –ø–æ—Ä—Ç–∞–ª–µ Uralica —Ç–µ–ø–µ—Ä—å –¥–æ—Å—Ç—É–ø–Ω—ã –∞—É–¥–∏–æ–∑–∞–ø–∏—Å–∏ –Ω–∞ —Ç–≤–µ—Ä—Å–∫–æ–º –¥–∏–∞–ª–µ–∫—Ç–µ –∫–∞—Ä–µ–ª—å—Å–∫–æ–≥–æ —è–∑—ã–∫–∞ –¢–≤–µ—Ä—Å–∫–æ–π –æ–±–ª–∞—Å—Ç–Ω–æ–π —É–Ω–∏–≤–µ—Ä—Å–∞–ª—å–Ω–æ–π –Ω–∞—É—á–Ω–æ–π –±–∏–±–ª–∏–æ—Ç–µ–∫–∏, –∞ —Ç–∞–∫–∂–µ —Ö–∞–Ω—Ç—ã–π—Å–∫–∞—è –≥–∞–∑–µ—Ç–∞ ""–õ—É—Ö –∞–≤—Ç"" –∏ –Ω–µ—Å–∫–æ–ª—å–∫–æ –∫–Ω–∏–≥ –Ω–∞ —Ö–∞–Ω—Ç—ã–π—Å–∫–æ–º —è–∑—ã–∫–µ. –ü–æ–¥—Ä–æ–±–Ω–æ—Å—Ç–∏ —á–∏—Ç–∞–π—Ç–µ –≤ –Ω–∞—à–µ–º –±–ª–æ–≥–µ:  http://blogs.helsinki.fi/fennougrica/2015/06/22/khant..",2015-06-23 10:55:23,0,0,0
153,"–§—Ä–∞–∑—ã, —Å –ø–µ—Ä–µ–≤–æ–¥–æ–º –Ω–∞ –ö–∞—Ä–µ–ª—å—Å–∫–∏–π —è–∑—ã–∫ (—Ä—É—Å—Å–∫–∏–º–∏ –±—É–∫–≤–∞–º–∏). –í—ã–ø—É—Å–∫ 3. –ò—Å—Ç–æ—á–Ω–∏–∫ —Å–ª–æ–≤–∞—Ä—å –ü—É–Ω–∂–∏–Ω–æ–π.",2015-05-14 14:52:39,10,1,0
149,–ö–∏–Ω—å—Ç–µ  —Ö–æ—Ä–æ—à–∏–π —Å–ª–æ–≤–∞—Ä—å —á—Ç–æ –±—ã –ª–µ–≥–∫–æ –∏ –±—ã—Å—Ç—Ä–æ –Ω–∞—É—á–∏—Ç—å—Å—è –∏ –∞–ª—Ñ–∞–≤–∏—Ç –µ—Å–ª–∏ –º–æ–∂–Ω–æ,2015-05-12 16:10:10,0,0,0
136,–ü—Ä–∏–≤–µ—Ç. –ú–µ–Ω—è –∑–æ–≤—É—Ç –¢–∞—Ç—å—è–Ω–∞. –•–æ—Ç–µ–ª–∞ –±—ã –ø—Ä–∏–æ–±—Ä–µ—Å—Ç–∏ —Ä—É—Å—Å–∫–æ-–∫–∞—Ä–µ–ª—å—Å–∫–∏–π —Ä–∞–∑–≥–æ–≤–æ—Ä–Ω–∏–∫ –∞–≤—Ç–æ—Ä–∞ –ì–∞–ª–∏–Ω—ã –õ–µ—Ç—Ç–∏–µ–≤–æ–π. –ù–µ –º–æ–≥–ª–∏ –±—ã –≤—ã –º–Ω–µ –ø–æ–º–æ—á—å –≤ —ç—Ç–æ–º.,2015-03-25 16:40:38,1,1,0
131,–ü–æ–¥—Å–∫–∞–∂–∏—Ç–µ –ø–æ–∂–∞–ª—É–π—Å—Ç–∞! –ì–¥–µ –º–æ–∂–Ω–æ –∫—É–ø–∏—Ç—å/–∑–∞–∫–∞–∑–∞—Ç—å —Ä—É—Å—Å–∫–æ-–∫–∞—Ä–µ–ª—å—Å–∫–∏–π —Ä–∞–∑–≥–æ–≤–æ—Ä–Ω–∏–∫?,2015-03-20 21:09:43,0,0,0
123,"–ü–æ–¥—Å–∫–∞–∂–∏—Ç–µ –ø–æ–∂–∞–ª—É–π—Å—Ç–∞, –∫–∞–∫ –Ω–∞ –∫–∞—Ä–µ–ª—å—Å–∫–æ–º –±—É–¥–µ—Ç : ""–ú–µ–¥–≤–µ–∂—å—è —à–∫—É—Ä–∞""?",2015-03-05 17:46:31,0,0,0
121,–∫–∞–∫ –±—É–¥–µ—Ç –Ω–∞ –∫–∞—Ä–µ–ª—å—Å–∫–æ–º –ø–∏–Ω–≥–≤–∏–Ω—ã.,2015-03-02 15:49:39,0,0,0
119,V√§rit-–¶–≤–µ—Ç–∞.  Valkie-–ë–µ–ª—ã–π. Musta-–ß–µ—Ä–Ω—ã–π. Sinini-–°–∏–Ω–∏–π. Kahviv√§rini-–ö–æ—Ä–∏—á–Ω–µ–≤—ã–π. Keltani-–ñ–µ–ª—Ç—ã–π. Sireeni-–°–∏—Ä–µ–Ω–µ–≤—ã–π. Vihrie-–ó–µ–ª–µ–Ω—ã–π. Oranssi-–û—Ä–∞–Ω–∂–µ–≤—ã–π. Harmua-–°–µ—Ä—ã–π. Pruuni-–ë–æ—Ä–¥–æ–≤—ã–π. Fioletti-–§–∏–æ–ª–µ—Ç–æ–≤—ã–π. Vualiensinini-–ì–æ–ª—É–±–æ–π. Ruskie-–ö—Ä–∞—Å–Ω—ã–π. Vualienruskie-–†–æ–∑–æ–≤—ã–π. Kullanv√§rini-–ó–æ–ª–æ—Ç–∏—Å—Ç—ã–π. Hopienv√§rini-–°–µ—Ä–µ–±—Ä–∏—Å—Ç—ã–π.,2015-02-24 22:33:01,20,5,0
110,"–í—Å–µ–º –¥–æ–±—Ä–æ–π –Ω–æ—á–∏, –ø–æ—Å–æ–≤–µ—Ç—É–π—Ç–µ, –ø–æ–∂–∞–ª—É–π—Å—Ç–∞, –≤—Å—ë-—Ç–∞–∫–∏ –∫–∞–∫–æ–π –ª—É—á—à–µ –¥–∏–∞–ª–µ–∫—Ç –∫–∞—Ä–µ–ª—å—Å–∫–æ–≥–æ —è–∑—ã–∫–∞ –Ω–∞—á–∏–Ω–∞—Ç—å –∏–∑—É—á–∞—Ç—å —Å –Ω—É–ª—è, –Ω–∞ –∫–∞–∫–æ–º —á–∞—â–µ —Ä–∞–∑–≥–æ–≤–∞—Ä–∏–≤–∞—é—Ç. –Ø –∏–∑ –ú—É—Ä–º–∞–Ω—Å–∫–æ–π –æ–±–ª–∞—Å—Ç–∏, –∫–Ω–∏–≥ –ø–æ –∫–∞—Ä–µ–ª—å—Å–∫–æ–º—É —è–∑—ã–∫—É –≤ –º–æ—ë–º –≥–æ—Ä–æ–¥–µ –≤–æ–æ–±—â–µ –Ω–∏–∫–∞–∫–∏—Ö –Ω–µ—Ç, –ø–æ—ç—Ç–æ–º—É –±—É–¥—É –±–ª–∞–≥–æ–¥–∞—Ä–µ–Ω, –µ—Å–ª–∏ –ø–æ–¥—Å–∫–∞–∂–∏—Ç–µ –ø–æ—Å–æ–±–∏—è, –∫–æ—Ç–æ—Ä—ã–µ –ª—É—á—à–µ –≤—Å–µ–≥–æ –ø–æ–¥–æ–π–¥—É—Ç –¥–ª—è –Ω–∞—á–∞–ª—å–Ω–æ–≥–æ –∏–∑—É—á–µ–Ω–∏—è.",2015-01-29 23:53:30,0,0,0
109,"T√§n√§pi√§n√§ my√∂ pakajamma ajasta )  –°–µ–∫—É–Ω–¥–∞-sekunti –ú–∏–Ω—É—Ç–∞-minuutti –ß–∞—Å-tunti –ü–æ–ª—á–∞—Å–∞ -puoli tuntie –î–≤–∞ —á–∞—Å–∞-kaksi tuntie –£—Ç—Ä–æ-huomenes –î–µ–Ω—å-p√§iv√§ –í–µ—á–µ—Ä-ilta –ù–æ—á—å-y√∂ –£—Ç—Ä–æ–º-huomeneksella –î–Ω–µ–º-p√§iv√§ll√§ –í–µ—á–µ—Ä–æ–º-illalla      -y√∂ll√§ –í—á–µ—Ä–∞-eklein –°–µ–≥–æ–¥–Ω—è-t√§n√§pi√§n√§ –ó–∞–≤—Ç—Ä–∞-huomena –ü–æ—Å–ª–µ–∑–∞–≤—Ç—Ä–∞-ylihuomena –ü–æ–∑–∞–≤—á–µ—Ä–∞-toissapi√§n√§ –ó–∞–≤—Ç—Ä–∞ –≤–µ—á–µ—Ä–æ–º-huomena illalla –†–∞–Ω–æ-aikaseh –ü–æ–∑–¥–Ω–æ-my√∂h√§h –ü–æ—Ä–∞–Ω—å—à–µ-aikasempah –ü–æ–ø–æ–∑–∂–µ-my√∂hemmin,my√∂hemp√§h  –§—Ä–∞–∑—ã)  –°–∫–æ–ª—å–∫–æ –≤—Ä–µ–º—è?-mit√§ kello on?'Kuin √§ij√§n kello on? –®–µ—Å—Ç—å —á–∞—Å–æ–≤-kello on kuusi  –ü–æ–ª–æ–≤–∏–Ω–∞ –¥–µc—è—Ç–æ–≥–æ-kello on puoli kymmenen –ü—è—Ç—å –º–∏–Ω—É—Ç –ø—è—Ç–æ–≥–æ-kello on viisi minuuttie viijetta –ü—è—Ç–Ω–∞–¥—Ü–∞—Ç—å –º–∏–Ω—É—Ç –æ–¥–∏–Ω–Ω–∞–¥—Ü–∞—Ç–æ–≥–æ -kello on viisitoista minuuttie yhett√§toista  –î–≤–∞–¥—Ü–∞—Ç—å –ø—è—Ç—å –º–∏–Ω—É—Ç —á–µ—Ç–≤–µ—Ä—Ç–æ–≥–æ-kello on kaksikymment√§viisi minuuttie nell√§tt√§ –î–≤–∞–¥—Ü–∞—Ç—å –º–∏–Ω—É—Ç –≤—Ç–æ—Ä–æ–≥–æ-kello on kaksikymment√§ minuuttie toista –î–µ—Å—è—Ç—å –º–∏–Ω—É—Ç –≤–æ—Å—å–º–æ–≥–æ-kello on kymmennen minuuttie kaheksatta –¢—Ä–∏–¥—Ü–∞—Ç—å –ø—è—Ç—å –º–∏–Ω—É—Ç –¥–µ—Å—è—Ç–æ–≥–æ-kello on kolmekymment√§viisi minuuttie kymment√§  –ë–µ–∑ –¥–µ—Å—è—Ç–∏ —Ç—Ä–µ—Ç—å–µ–≥–æ-kello on kymment√§ minuuttie vaila kolmie  –ë–µ–∑ –¥–≤–∞–¥—Ü–∞—Ç–∏ –ø—è—Ç–∏ –º–∏–Ω—É—Ç –¥–≤–µ–Ω–∞–¥—Ü–∞—Ç–æ–≥–æ-kello on kahtakymment√§ minuuttie vaila k√§ht√§toista –ë–µ–∑ –ø—è—Ç–Ω–∞–¥—Ü–∞—Ç–∏ –º–∏–Ω—É—Ç —á–µ—Ç–≤–µ—Ä—Ç–æ–≥–æ-kello on viitt√§toista minuuttie vaila nelly√§",2015-01-25 18:37:30,19,3,0
103,"–ü—Ä–µ–¥–ª–∞–≥–∞—é –æ–±—Å—É–¥–∏—Ç—å –¥–∞–Ω–Ω—ã–π –¥–æ–∫–µ–º–µ–Ω—Ç  , –ø—Ä–∏ –Ω–µ–æ–±—Ö–æ–¥–∏–º–æ—Å—Ç–∏ –ø–æ–¥–ø—Ä–∞–≤–∏—Ç—å –∏ –¥–æ–ø–æ–ª–Ω–∏—Ç—å , –∞ —Ç–∞–∫–∂–µ –ø—Ä–∏—Å–æ–µ–¥–µ–Ω–∏—Ç—å—Å—è –∫ –µ–≥–æ –ø–æ–¥–¥–µ—Ä–∂–∫–∏. –ì–ª–∞–≤–µ –†–µ—Å–ø—É–±–ª–∏–∫–∏ –ö–∞—Ä–µ–ª–∏—è –ì–æ—Å–ø–æ–¥–∏–Ω—É –•—É–¥–∏–ª–∞–π–Ω–µ–Ω—É –ê–ª–µ–∫—Å–∞–Ω–¥—Ä—É –ü–µ—Ç—Ä–æ–≤–∏—á—É –û–±—Ä–∞—â–µ–Ω–∏–µ –£–≤–∞–∂–∞–µ–º—ã–π –ê–ª–µ–∫—Å–∞–Ω–¥—Ä –ü–µ—Ç—Ä–æ–≤–∏—á, –ú—ã, —ç—Ç–Ω–∏—á–µ—Å–∫–∏–µ –∫–∞—Ä–µ–ª—ã, –ø—Ä–æ–∂–∏–≤–∞—é—â–∏–µ –∫–∞–∫ –Ω–∞ —Ç–µ—Ä—Ä–∏—Ç–æ—Ä–∏–∏ –†–µ—Å–ø—É–±–ª–∏–∫–∏ –ö–∞—Ä–µ–ª–∏—è —Ç–∞–∫ –∏ –∑–∞ –µ–µ –ø—Ä–µ–¥–µ–ª–∞–º–∏, —Å–∏–ª—å–Ω–æ –æ–±–µ—Å–ø–æ–∫–æ–µ–Ω—ã —Ç–µ–º, —á—Ç–æ –∫–æ–ª–∏—á–µ—Å—Ç–≤–æ —ç—Ç–Ω–∏—á–µ—Å–∫–∏—Ö –∫–∞—Ä–µ–ª –ø—Ä–æ–∂–∏–≤–∞—é—â–∏—Ö –≤ –ö–∞—Ä–µ–ª–∏–∏ –∑–∞ –ø–æ—Å–ª–µ–¥–Ω–∏–µ –Ω–µ—Å–∫–æ–ª—å–∫–æ –¥–µ—Å—è—Ç–∏–ª–µ—Ç–∏–π —Å–∏–ª—å–Ω–æ —Å–æ–∫—Ä–∞—Ç–∏–ª–æ—Å—å –∏ –ø—Ä–æ–¥–æ–ª–∂–∞–µ—Ç —Å–æ–∫—Ä–∞—â–∞—Ç—å—Å—è. –¢–∞–∫–∂–µ –±–µ—Å–ø–æ–∫–æ–π—Å—Ç–≤–æ –≤—ã–∑—ã–≤–∞–µ—Ç —Ç–æ—Ç —Ñ–∞–∫—Ç, —á—Ç–æ –∫–æ–ª–∏—á–µ—Å—Ç–≤–æ –∫–∞—Ä–µ–ª –Ω–æ—Å–∏—Ç–µ–ª–µ–π —è–∑—ã–∫–∞ —Å—Ä–µ–¥–∏ –∫–∞—Ä–µ–ª—å—Å–∫–æ–≥–æ –Ω–∞—Å–µ–ª–µ–Ω–∏—è —Ä–µ—Å–ø—É–±–ª–∏–∫–∏ —Ç–∞–∫–∂–µ —Å–æ–∫—Ä–∞—â–∞–µ—Ç—Å—è –∏–∑ –≥–æ–¥–∞ –≤ –≥–æ–¥.  –û–¥–Ω—É –∏–∑ –ø—Ä–∏—á–∏–Ω —Ç–∞–∫–æ–≥–æ —É–º–µ–Ω—å—à–µ–Ω–∏—è —á–∏—Å–ª–µ–Ω–Ω–æ—Å—Ç–∏ –∫–∞—Ä–µ–ª –≤ —Ü–µ–ª–æ–º –∏ –∫–∞—Ä–µ–ª –≥–æ–≤–æ—Ä—è—â–∏—Ö –Ω–∞ —Ä–æ–¥–Ω–æ–º —è–∑—ã–∫–µ –º—ã –≤–∏–¥–∏–º –≤ —Ç–æ–º —á—Ç–æ –≤—Å—è —Å–∏—Å—Ç–µ–º–∞ –æ–±—Ä–∞–∑–æ–≤–∞–Ω–∏—è –≤ —Ä–µ—Å–ø—É–±–ª–∏–∫–µ –ø–æ—Å—Ç—Ä–æ–µ–Ω–∞ –Ω–∞ —Ä—É—Å—Å–∫–æ–º —è–∑—ã–∫–µ, –Ω–∞—á–∏–Ω–∞—è —Å –¥–æ—à–∫–æ–ª—å–Ω–æ–π –ø—Ä–æ–≥—Ä–∞–º–º—ã –∏ –∑–∞–∫–∞–Ω—á–∏–≤–∞—è –≤—ã—Å—à–∏–º–∏ —É—á–µ–±–Ω—ã–º–∏ –∑–∞–≤–µ–¥–µ–Ω–∏—è–º–∏, —á—Ç–æ —Å –æ–¥–Ω–æ–π —Å—Ç–æ—Ä–æ–Ω—ã —Å–ø–æ—Å–æ–±—Å—Ç–≤—É–µ—Ç –ø—Ä–æ–¥–≤–∏–∂–µ–Ω–∏—é —Ä—É—Å—Å–∫–æ–≥–æ —è–∑—ã–∫–∞, –Ω–æ —Å –¥—Ä—É–≥–æ–π —Å—Ç–æ—Ä–æ–Ω—ã –≤—ã—Ç–µ—Å–Ω—è–µ—Ç –∫–∞—Ä–µ–ª—å—Å–∫–∏–π —è–∑—ã–∫ –∏–∑ –±—ã—Ç–∞ –∫–∞—Ä–µ–ª –∫–∞–∫ –Ω–∞—Ü–∏–∏. –ú–µ–∂–¥—É —Ç–µ–º —Ö–æ—Ç–µ–ª–∏ –±—ã –æ–±—Ä–∞—Ç–∏—Ç—å –≤–∞—à–µ –≤–Ω–∏–º–∞–Ω–∏–µ –Ω–∞ —Ç–æ, —á—Ç–æ —Å–æ–≥–ª–∞—Å–Ω–æ –∫–æ–Ω—Å—Ç–∏—Ç—É—Ü–∏–∏ –ö–∞—Ä–µ–ª–∏–∏, —ç—Ç–Ω–∏—á–µ—Å–∫–∏–º –∫–∞—Ä–µ–ª–∞–º –ø—Ä–æ–∂–∏–≤–∞—é—â–∏–º –Ω–∞ —Ç–µ—Ä—Ä–∏—Ç–æ—Ä–∏–∏ –ö–∞—Ä–µ–ª–∏–∏ –≥–∞—Ä–∞–Ω—Ç–∏—Ä–æ–≤–∞–Ω—ã –æ–ø—Ä–µ–¥–µ–ª–µ–Ω–Ω—ã–µ –ø—Ä–∞–≤–∞, –≤ —á–∞—Å—Ç–Ω–æ—Å—Ç–∏: ‚Ä¢ –ì–ª–∞–≤–∞ 1 –°—Ç–∞—Ç—å—è 1 –ü—É–Ω–∫—Ç 5 - –ò—Å—Ç–æ—Ä–∏—á–µ—Å–∫–∏–µ –∏ –Ω–∞—Ü–∏–æ–Ω–∞–ª—å–Ω—ã–µ –æ—Å–æ–±–µ–Ω–Ω–æ—Å—Ç–∏ –†–µ—Å–ø—É–±–ª–∏–∫–∏ –ö–∞—Ä–µ–ª–∏—è –æ–ø—Ä–µ–¥–µ–ª—è—é—Ç—Å—è –ø—Ä–æ–∂–∏–≤–∞–Ω–∏–µ–º –Ω–∞ –µ–µ —Ç–µ—Ä—Ä–∏—Ç–æ—Ä–∏–∏ –∫–∞—Ä–µ–ª–æ–≤. ‚Ä¢ –ì–ª–∞–≤–∞ 1 –°—Ç–∞—Ç—å—è 11 –ü—É–Ω–∫—Ç 2 - –í –†–µ—Å–ø—É–±–ª–∏–∫–µ –ö–∞—Ä–µ–ª–∏—è –Ω–∞—Ä–æ–¥–∞–º, –ø—Ä–æ–∂–∏–≤–∞—é—â–∏–º –Ω–∞ –µ–µ —Ç–µ—Ä—Ä–∏—Ç–æ—Ä–∏–∏, –≥–∞—Ä–∞–Ω—Ç–∏—Ä—É–µ—Ç—Å—è –ø—Ä–∞–≤–æ –Ω–∞ —Å–æ—Ö—Ä–∞–Ω–µ–Ω–∏–µ —Ä–æ–¥–Ω–æ–≥–æ —è–∑—ã–∫–∞, —Å–æ–∑–¥–∞–Ω–∏–µ —É—Å–ª–æ–≤–∏–π –¥–ª—è –µ–≥–æ –∏–∑—É—á–µ–Ω–∏—è –∏ —Ä–∞–∑–≤–∏—Ç–∏—è. –¢–∞–∫–∂–µ —Ö–æ—Ç–∏–º –æ–±—Ä–∞—Ç–∏—Ç—å –≤–∞—à–µ –≤–Ω–∏–º–∞–Ω–∏–µ –Ω–∞ —Ç–æ, —á—Ç–æ –≤ 2009 –≥–æ–¥—É –≤ —Ä–µ—Å–ø—É–±–ª–∏–∫–µ –ö–∞—Ä–µ–ª–∏—è –±—ã–ª–∞ —É—Ç–≤–µ—Ä–∂–¥–µ–Ω–∞ –ø—Ä–æ–≥—Ä–∞–º–º–∞ —Ä–∞–∑–≤–∏—Ç–∏—è –∫–∞—Ä–µ–ª—å—Å–∫–æ–≥–æ —è–∑—ã–∫–∞ –¥–æ 2020 –≥–æ–¥–∞.  –ù–∞—Å –æ—á–µ–Ω—å —Ä–∞–¥—É–µ—Ç –Ω–∞–ª–∏—á–∏–µ —Å–ª–µ–¥—É—é—â–µ–≥–æ –ø—É–Ω–∫—Ç–∞ —Å—Ä–µ–¥–∏ —Ä–∞–∑–ª–∏—á–Ω—ã—Ö –º–µ—Ä–æ–ø—Ä–∏—è—Ç–∏–π –≤ –¥–∞–Ω–Ω–æ–π –ø—Ä–æ–≥—Ä–∞–º–º–µ, –Ω–∞–ø—Ä–∏–º–µ—Ä, –ø—É–Ω–∫—Ç 1.5:–†–∞–∑—Ä–∞–±–æ—Ç–∫–∞ –∏ –ø—Ä–∏–Ω—è—Ç–∏–µ –Ω–µ–æ–±—Ö–æ–¥–∏–º–æ–π –Ω–æ—Ä–º–∞—Ç–∏–≤–Ω–æ–π –ø—Ä–∞–≤–æ–≤–æ–π –∏ –Ω–∞—É—á–Ω–æ-–º–µ—Ç–æ–¥–∏—á–µ—Å–∫–æ–π –±–∞–∑—ã –≥–æ—Å—É–¥–∞—Ä—Å—Ç–≤–µ–Ω–Ω—ã—Ö –æ–±—Ä–∞–∑–æ–≤–∞—Ç–µ–ª—å–Ω—ã—Ö —Å—Ç–∞–Ω–¥–∞—Ä—Ç–æ–≤ –≤ –æ–±–ª–∞—Å—Ç–∏ –∫–∞—Ä–µ–ª—å—Å–∫–æ–≥–æ —è–∑—ã–∫–∞ —Å —Å–æ–ø—Ä–æ–≤–æ–∂–¥–∞—é—â–∏–º –∏—Ö –ø–∞–∫–µ—Ç–æ–º –¥–æ–∫—É–º–µ–Ω—Ç–æ–≤ (–ø—Ä–æ–≥—Ä–∞–º–º—ã, —É—á–µ–±–Ω–æ-–º–µ—Ç–æ–¥–∏—á–µ—Å–∫–∏–µ –∫–æ–º–ø–ª–µ–∫—Å—ã –∏ –¥—Ä.) –¥–ª—è –≤–Ω–µ–¥—Ä–µ–Ω–∏—è –≤ —Å–∏—Å—Ç–µ–º—É –æ–±—Ä–∞–∑–æ–≤–∞–Ω–∏—è –†–µ—Å–ø—É–±–ª–∏–∫–∏ –ö–∞—Ä–µ–ª–∏—è), –Ω–æ –≤—ã–∑—ã–≤–∞–µ—Ç –±–µ—Å–ø–æ–∫–æ–π—Å—Ç–≤–æ —á—Ç–æ –¥–æ —Å–∏—Ö –ø–æ—Ä –Ω–∏—á–µ–≥–æ –∫–æ–Ω–∫—Ä–µ—Ç–Ω–æ–≥–æ –ø–æ —ç—Ç–æ–π –ø—Ä–æ–≥—Ä–∞–º–º–µ —Å–¥–µ–ª–∞–Ω–æ –Ω–µ –±—ã–ª–æ.   –í —Å–≤—è–∑–∏ —Å–æ –≤—Å–µ–º –≤—ã—à–µ—Å–∫–∞–∑–∞–Ω–Ω—ã–º, –º—ã –ø—Ä–æ—Å–∏–º –≤–∞—Å –ø–æ—Ä—É—á–∏—Ç—å –ú–∏–Ω–∏—Å—Ç–µ—Ä—Å—Ç–≤—É –û–±—Ä–∞–∑–æ–≤–∞–Ω–∏—è –ö–∞—Ä–µ–ª–∏–∏ –¥–æ –Ω–∞—á–∞–ª–∞ —É—á–µ–±–Ω–æ–≥–æ –≥–æ–¥–∞ 2016-2017 —Ä–∞–∑—Ä–∞–±–æ—Ç–∞—Ç—å –ø—Ä–æ–≥—Ä–∞–º–º—É –æ–±—É—á–µ–Ω–∏—è –¥–ª—è –¥–µ—Ç—Å–∞–¥–æ–≤—Å–∫–æ–π –∏ —à–∫–æ–ª—å–Ω–æ–π –ø—Ä–æ–≥—Ä–∞–º–º –¥–ª—è –Ω–∞—á–∞–ª—å–Ω—ã—Ö –∫–ª–∞—Å—Å–æ–≤ –ù–ê –ö–ê–†–ï–õ–¨–°–ö–û–ú –Ø–ó–´–ö–ï –∏ –≤–Ω–µ–¥—Ä–∏—Ç—å –µ–µ –≤ —Å—É—â–µ—Å—Ç–≤—É—é—â—É—é —Å–∏—Å—Ç–µ–º—É –¥–æ—à–∫–æ–ª—å–Ω–æ–≥–æ –∏ —à–∫–æ–ª—å–Ω–æ–≥–æ –æ–±—Ä–∞–∑–æ–≤–∞–Ω–∏—è –Ω–∞ —Ç–µ—Ä—Ä–∏—Ç–æ—Ä–∏–∏ –ö–∞—Ä–µ–ª–∏–∏ –∫ —É–ø–æ–º—è–Ω—É—Ç–æ–º—É –Ω–∞–º–∏ –≥–æ–¥—É. –ú—ã —Å—á–∏—Ç–∞–µ–º, —á—Ç–æ –æ–±—É—á–µ–Ω–∏—è —Ä—É—Å—Å–∫–æ–º—É —è–∑—ã–∫—É –∫–∞–∫ –≥–æ—Å—É–¥–∞—Ä—Å—Ç–≤–µ–Ω–Ω–æ–º—É —è–∑—ã–∫—É —Ä–µ—Å–ø—É–±–ª–∏–∫–∏ –∫–∞–∫ —á–∞—Å—Ç–∏ —ç—Ç–æ–π –ø—Ä–æ–≥—Ä–∞–º–º—ã, –±—É–¥–µ—Ç –¥–æ—Å—Ç–∞—Ç–æ—á–Ω–æ –¥–ª—è —Ç–æ–≥–æ —á—Ç–æ–±—ã –æ–±–µ—Å–ø–µ—á–∏—Ç—å –¥–æ—Å—Ç–∞—Ç–æ—á–Ω—ã–π —É—Ä–æ–≤–µ–Ω—å –∑–Ω–∞–Ω–∏—è –≥–æ—Å—É–¥–∞—Ä—Å—Ç–≤–µ–Ω–Ω–æ–≥–æ —è–∑—ã–∫–∞ –†–ö –∏ –†–§ –¥–ª—è –∫–∞—Ä–µ–ª—å—Å–∫–∏—Ö –¥–µ—Ç–µ–π, —á—Ç–æ–±—ã –æ–Ω–∏ –º–æ–≥–ª–∏ –≤ –¥–∞–ª—å–Ω–µ–π—à–µ–º –æ—Å—Ç–∞–≤–∞—Ç—å—Å—è –ø–æ–ª–Ω–æ—Ü–µ–Ω–Ω—ã–º–∏ —á–ª–µ–Ω–∞–º–∏ –æ–±—â–µ—Å—Ç–∞–≤–∞, –ø—Ä–∏ —ç—Ç–æ–º —Å–≤–æ–±–æ–¥–Ω–æ –≤–ª–∞–¥–µ—è –∏ —Ä–æ–¥–Ω—ã–º —è–∑—ã–∫–æ–º. –ú—ã –≤–µ—Ä–∏–º, —á—Ç–æ –µ—Å–ª–∏ –¥–µ—Ç—è–º –¥–æ—à–∫–æ–ª—å–Ω–æ–≥–æ –∏ —à–∫–æ–ª—å–Ω–æ–≥–æ –≤–æ–∑—Ä–∞—Å—Ç–∞ –ø—Ä–µ–¥—Å—Ç–∞–≤–ª—è—é—â–∏–º –Ω–∞ —Ç–µ—Ä—Ä–∏—Ç–æ—Ä–∏–∏ –ö–∞—Ä–µ–ª–∏–∏ –∫–∞—Ä–µ–ª—å—Å–∫–∏–π —ç—Ç–Ω–æ—Å –±—É–¥–µ—Ç –ø—Ä–µ–¥–æ—Å—Ç–∞–≤–ª–µ–Ω–∞ –≤–æ–∑–º–æ–∂–Ω–æ—Å—Ç—å –æ–±—É—á–∞—Ç—å—Å—è –Ω–∞ –∫–∞—Ä–µ–ª—å—Å–∫–æ–º —è–∑—ã–∫–µ –≤ –º–µ—Å—Ç–∞—Ö –∏—Ö –∫–æ–º–ø–∞–∫—Ç–Ω–æ–≥–æ –ø—Ä–æ–∂–∏–≤–∞–Ω–∏—è –ø–æ –¥–æ—à–∫–æ–ª—å–Ω–æ–π –∏ —à–∫–æ–ª—å–Ω–æ–π –ø—Ä–æ–≥—Ä–∞–º–º–∞–º, —Ç–æ —ç—Ç–æ –æ—á–µ–Ω—å –ø–æ–º–æ–∂–µ—Ç —Å–æ—Ö—Ä–∞–Ω–∏—Ç—å –∏ –≤ –¥–∞–ª—å–Ω–µ–π—à–µ–º —Ä–∞–∑–≤–∏–≤–∞—Ç—å –∫–∞—Ä–µ–ª—å—Å–∫–∏–π —è–∑—ã–∫ –∏ –∫–∞—Ä–µ–ª—å—Å–∫—É—é –∫—É–ª—å—Ç—É—Ä—É –∫–∞–∫ –Ω–∞ —Ç–µ—Ä—Ä–∏—Ç–æ—Ä–∏–∏ –ö–∞—Ä–µ–ª–∏–∏ —Ç–∞–∫ –∏ –∑–∞ –µ–µ –ø—Ä–µ–¥–µ–ª–∞–º–∏. –ò—Å–∫—Ä–µ–Ω–Ω–µ –Ω–∞–¥–µ–µ–º—Å—è –Ω–∞ –≤–∞—à–µ –ø–æ–Ω–∏–º–∞–Ω–∏–µ —Å–ª–æ–∂–∏–≤—à–µ–π—Å—è —Å–∏—Ç—É–∞—Ü–∏–∏ –∏ –ø–æ–º–æ—â—å –≤ –¥–∞–Ω–Ω–æ–º –≤–æ–ø—Ä–æ—Å–µ. –° —É–≤–∞–∂–µ–Ω–∏–µ–º, –ü—Ä–µ–¥—Å—Ç–∞–≤–∏—Ç–µ–ª–∏ –∫–∞—Ä–µ–ª—å—Å–∫–æ–π –æ–±—â–µ—Å—Ç–≤–µ–Ω–Ω–æ—Å—Ç–∏",2015-01-23 18:15:23,15,0,0
102,"–ü–æ–≥–æ–≤–æ—Ä–∏–º –æ –ø–æ–≥–æ–¥–µ) Pakajamma ilmasta)  –ü—Ä–µ–∫—Ä–∞—Å–Ω–∞—è –ø–æ–≥–æ–¥–∞-Kaunis ilma. –°–æ–ª–Ω—Ü–µ-P√§iv√§ni, aurinko. –¢—É–º–∞–Ω-Sumu. –ú–æ–ª–Ω–∏—è —Å–≤–µ—Ä–∫–∞–µ—Ç-Tulta isk√∂y. –ñ–∞—Ä–∫–æ-On kuuma si√§, on √§kie. –î–æ–∂–¥—å –∏–¥–µ—Ç-Satau vett√§, vihmuu. –î–æ–∂–¥–ª–∏–≤–∞—è –ø–æ–≥–æ–¥–∞-Vihmani ilma,vihmasi√§. –ü–ª–æ—Ö–∞—è –ø–æ–≥–æ–¥–∞-Paha si√§. –ü—É—Ä–≥–∞\\–≤—å—é–≥–∞-Purku,pyry. –ú–µ—Ç–µ–ª—å-Tuisku. –ó–æ–Ω—Ç–∏–∫-Sontikka,vihmasuoja,sajevarjo. –í–∏–¥–∏–º–æ—Å—Ç—å-N√§kyvyys. –û–±–ª–∞—á–Ω–æ-On pilvini si√§, taivas on pilviss√§. –°–Ω–µ–≥ –∏–¥–µ—Ç-Satau lunta. –ì—Ä–∞–¥ –∏–¥–µ—Ç-Ruahta satau. –ë—É–¥–µ—Ç –≥—Ä–æ–∑–∞-Ukkosenilma tulou. –ì—Ä–æ–∑–æ–≤–∞—è —Ç—É—á–∞ –ø—Ä–æ—à–ª–∞ –º–∏–º–æ-Ukkosenpilvi m√§ni kylicci. –ú–æ—Ä–æ–∑–Ω–æ-On pakkani. –ú–æ—Ä–æ–∑–∏—Ç-Pakkaistau.  –ù—É –∏ –Ω–µ—Å–∫–æ–ª—å–∫–æ —Ñ—Ä–∞–∑–æ—á–µ–∫)) –ö–∞–∫–∞—è —Ç–∞–º –ø–æ–≥–æ–¥–∞ —Å–µ–≥–æ–¥–Ω—è?-Mimmoni siel√§ si√§ on t√§n√§pi√§n√§? –•–æ–ª–æ–¥–Ω–æ —Å–µ–≥–æ–¥–Ω—è-T√§n√§pi√§n√§ on kylm√§ ilma (on vilu) –í–µ—Ç–µ—Ä —Å–∏–ª—å–Ω—ã–π –¥—É–µ—Ç-Lujasti tuulou. –ö–∞–∫—É—é –ø–æ–≥–æ–¥—É –∑–∞–≤—Ç—Ä–∞ –æ–±–µ—â–∞—é—Ç?-Mommoista si√§t√§ luvatah huomiseksi? –ó–∞–≤—Ç—Ä–∞ –±—É–¥–µ—Ç –¥–æ–∂–¥—å-Huomena satau  vihmuu ...—Ç–µ–ø–ª–æ-on l√§mmin ...—Å–∏–ª—å–Ω—ã–π –º–æ—Ä–æ–∑-on luja pakkani. 18 –≥—Ä–∞–¥—É—Å–æ–≤ –º–æ—Ä–æ–∑–∞-Kaheksantoista astetta pakkaista.",2015-01-23 18:05:17,41,13,0
99,"–°–º–æ—Ç—Ä–∏—Ç–µ,–≤—Å–ª—É—à–∏–≤–∞–π—Ç–µ—Å—å)–ë—É–¥–µ—Ç –ø–æ–ª–µ–∑–Ω–æ —Ç–µ–º,–∫—Ç–æ –∏–∑—É—á–∞–µ—Ç –∫–∞—Ä–µ–ª—å—Å–∫–∏–π!)",2015-01-21 19:41:36,61,21,0
97,"–ù–µ–±–æ–ª—å—à–∞—è –ø–æ–¥–±–æ—Ä–∫–∞ —Å–∞–º—ã—Ö —Ä–∞–∑–Ω—ã—Ö —Ñ—Ä–∞–∑ –∏ –≤—ã—Ä–∞–∂–µ–Ω–∏–π. –ù–∞—Ä–µ—á–∏–µ —Å–æ–±—Å—Ç–≤–µ–Ω–Ω–æ-–∫–∞—Ä–µ–ª—å—Å–∫–æ–µ, –µ—Å–ª–∏ –≥–¥–µ –∫–∞–∫–∏–µ –æ—à–∏–±–∫–∏-–Ω–µ —Å—Ç–µ—Å–Ω—è—è—Å—å –∏—Å–ø—Ä–∞–≤–ª—è–π—Ç–µ))  –ù–∏—á–µ–≥–æ –æ—Å–æ–±–µ–Ω–Ω–æ–≥–æ-Ei mit√§n√§ erikoista. –ö–∞–∫ –ø–æ–∂–∏–≤–∞–µ—à—å-Kuinpa sie el√§t? –°–ø–∞—Å–∏–±–æ,–≤—Å–µ –≤ –ø–æ—Ä—è–¥–∫–µ-Passipo,kaikki on kunnossa . –ü–æ-–ø—Ä–µ–∂–Ω–µ–º—É-Entisell√§h. –í—Å–µ–≥–æ —Ö–æ—Ä–æ—à–µ–≥–æ-Kaikkie hyvy√§. –ó–∞—Ö–æ–¥–∏ –µ—â–µ-Tule toicci. –†–∞–∑—Ä–µ—à–∏—Ç–µ –ø–æ–∑–Ω–∞–∫–æ–º–∏—Ç—å—Å—è-Suanko tuttavustuo? –ü—Ä–∏—è—Ç–Ω–æ –ø–æ–∑–Ω–∞–∫–æ–º–∏—Ç—å—Å—è-Mukava tuttavustuo. –Ø –∂–¥—É-Mie vuotan. –ö–æ–Ω–µ—á–Ω–æ-Tietysti. –ü—Ä–∏—Ö–æ–¥–∏—Ç–µ –≤ –≥–æ—Å—Ç–∏-Tulkua gostih. –ü–æ–∑–≤–æ–Ω–∏ (–Ω–∞–ø–∏—à–∏) –º–Ω–µ-Soita ( kirjuta )  miula –ü–æ–∑–≤–æ–Ω—é(–Ω–∞–ø–∏—à—É)-Soitan (kirjutan) –ß—Ç–æ —Ç—ã —Å–∫–∞–∑–∞–ª?-Mit√§ sie sanoit? –û —á–µ–º —Ç—ã –¥—É–º–∞–µ—à—å?-Mist√§ sie ajattelet? –û—Ç–∫—É–¥–∞ —Ç—ã –ø—Ä–∏—à–µ–ª?-Mista sie tulit? –ß—Ç–æ –í—ã —Ö–æ—Ç–∏—Ç–µ(—Ö–æ—Ç–µ–ª–∏)?-Mit√§ ty√∂ haluotta(halusitta)? –°–∫–æ–ª—å–∫–æ –≤—Ä–µ–º—è?-Mit√§ kello on?√Ñij√§nk√∂ kello on? –û—Ç–∫—É–¥–∞ —è –∑–Ω–∞—é?-Mist√§ mie tiij√§n? –û—Ç–∫—É–¥–∞ —Ç—ã –∑–Ω–∞–µ—à—å?-Mist√§ sie tiij√§t?",2015-01-20 20:43:55,12,0,0
95,–†—É—Å—Å–∫–æ-–ö–∞—Ä–µ–ª—å—Å–∫–∏–π —Ä–∞–∑–≥–æ–≤–æ—Ä–Ω–∏–∫ (—Å–æ–±—Å—Ç–≤–µ–Ω–Ω–æ-–∫–∞—Ä–µ–ª—å—Å–∫–æ–º –Ω–∞—Ä–µ—á–∏–∏ –∫–∞—Ä–µ–ª—å—Å–∫–æ–≥–æ —è–∑—ã–∫–∞),2015-01-16 15:36:03,9,5,0
93,"–ü–æ–≤–µ—Å—Ç—å ""–ö—É–∑–º–∏—á"" (–Ω–∞ –∫–∞—Ä–µ–ª—å—Å–∫–æ–º, –¢–≤–µ—Ä—Å–∫–æ–π –≥–æ–≤–æ—Ä) http://docs.tverlib.ru/inlit/kuzmich.pdf",2015-01-15 23:11:12,3,0,0
90,"–û–ë–†–ê–ó–¶–´ –ö–ê–†–ï–õ–¨–°–ö–û–ô –†–ï–ß–ò (–∑–∞–ø–∏—Å–∞–Ω–æ –≤ —Å. –°–≤—è—Ç–æ–∑–µ—Ä–æ –æ—Ç –∏–Ω—Ñ–æ—Ä–º–∞–Ω—Ç–∞ 1930 –≥. —Ä., —É—Ä. –¥. –í–∞—à–∞–∫–æ–≤–æ)",2015-01-15 09:47:00,4,1,0
86,"–ú–∞—Ç—å –º–æ—è —Ç–≤–µ—Ä—Å–∫–∞—è –∫–∞—Ä–µ–ª–∫–∞, –∏–∑ –ø–æ—Å. –ö–∞–ª–∞—à–Ω–∏–∫–æ–≤–æ (–¥–µ—Ä–µ–≤–Ω–∏ –±–∞–±—É—à–∫–∏ –∏ –¥–µ–¥–∞ –ë.–ü–ª–æ—Å–∫–æ–µ –∏ –ü—É—Ä—ã—à–µ–≤–æ) –õ–∏—Ö–æ—Å–ª–∞–≤–ª—å—Å–∫–æ–≥–æ —Ä-–Ω–∞ –¢–≤–µ—Ä—Å–∫–æ–π (–ö–∞–ª–∏–Ω–∏–Ω—Å–∫–æ–π) –æ–±–ª. –í —Ä–∞–Ω–Ω–µ–º –¥–µ—Ç—Å—Ç–≤–µ —è –∂–∏–ª —É –±–∞–±—É—à–∫–∏, –æ–Ω–∞ –≥–æ–≤–æ—Ä–∏–ª–∞ —Ç–æ–ª—å–∫–æ –Ω–∞ –∫–∞—Ä–µ–ª—å—Å–∫–æ–º - –∏ —è –ø–æ–Ω–∏–º–∞–ª –µ—ë! –ê —Å–µ–π—á–∞—Å —Ö–æ—á–µ—Ç—Å—è —Ö–æ—Ç—å –Ω–µ–º–Ω–æ–≥–æ –ø–æ–¥—É—á–∏—Ç—å –æ—Å–Ω–æ–≤–Ω—ã–µ —Ñ—Ä–∞–∑—ã. –ù–æ –Ω–µ –º–æ–≥—É –Ω–∞–π—Ç–∏ —É—á–µ–±–Ω–∏–∫.",2015-01-14 21:06:21,0,0,0
83,"–ê –æ–± —ç—Ç–æ–π –ê–Ω–Ω–µ –¢—É–ª–ª–∞ –µ—Å—Ç—å –∫–∞–∫–∞—è-–Ω–∏–±—É–¥—å –∏–Ω—Ñ–∞? –í—Ä–æ–¥–µ –º–æ–ª–æ–¥–∞—è, –∞ –Ω–µ–ø–ª–æ—Ö–æ –≤–ª–∞–¥–µ–µ—Ç... –ò–ª–∏ —Å–µ–π—á–∞—Å –Ω–µ–ø–ª–æ—Ö–æ –≤–ª–∞–¥–µ—é—Ç —Ö–æ—Ç—è-–±—ã –≤–µ–ø–ø—Å–∫–∏–º?)",2014-12-27 23:05:46,0,0,0
80,"–í—Å–µ–≥–¥–∞ –≤ –¥–µ—Ç—Å—Ç–≤–µ, –∫–æ–≥–¥–∞ –ø—Ä–∏–µ–∑–∂–∞–ª–∞ –∫ –±–∞–±—É—à–∫–µ, —Å —É—Ç—Ä–∞ —Å–ª—É—à–∞–ª–∞ –Ω–æ–≤–æ—Å—Ç–∏ –Ω–∞ –∫–∞—Ä–µ–ª—å—Å–∫–æ–º. –ò–Ω—Ç–µ—Ä–µ—Å–Ω–æ —Ç–∞–∫ –±—ã–ª–æ :) –ò –Ω–∏–∫—Ç–æ –Ω–µ —Å—Ç–∞–ª —É—á–∏—Ç—å —Ä–æ–¥–Ω–æ–º—É —è–∑—ã–∫—É... –ñ–∞–ª–∫–æ",2014-12-10 15:28:10,4,0,0
79,"–ü–æ–¥—Å–∫–∞–∂–∏—Ç–µ, –ø–æ–∂–∞–ª—É–π—Å—Ç–∞, –≥–¥–µ –Ω–∞–π—Ç–∏ —Å–ª–æ–≤–∞, –∫–æ—Ç–æ—Ä—ã–µ –±—ã —á–∏—Ç–∞–ª–∏—Å—å —Å —Ä—É—Å—Å–∫–æ–π —ë –≤ –Ω–∞—á–∞–ª–µ (–Ω–∞–¥–æ –ø–æ–¥–æ–±—Ä–∞—Ç—å –∫–ª–∏—á–∫—É –ø–ª–µ–º. –∂–∏–≤–æ—Ç–Ω–æ–º—É)",2014-12-06 13:05:00,0,0,0
76,"–£–≤–∞–∂–∞–µ–º—ã–µ, –ø–æ–º–æ–≥–∏—Ç–µ –ø–µ—Ä–µ–≤–µ—Å—Ç–∏ –Ω–∞ –∫–∞—Ä–µ–ª—å—Å–∫–∏–π : ""–∫–∞—Ä–µ–ª—å—Å–∫–∞—è –º–µ—Å—Ç—å""",2014-11-30 12:43:15,0,0,0
73,"–ò—â—É –∂–µ–ª–∞—é—â–∏—Ö —Å –∫—Ä–∞—Å–∏–≤—ã–º –≥–æ–ª–æ—Å–æ–ºüòÉ –¥–ª—è –∑–∞–ø–∏—Å–∏ —Ä–∞–∑–º–µ—â–µ–Ω–Ω—ã—Ö –≤ –≥—Ä—É–ø–ø–µ ""—Ñ—Ä–∞–∑ –Ω–∞ –∫–∞—Ä–µ–ª—å—Å–∫–æ–º"" –≤ –∞—É–¥–∏–æ —Ñ–æ—Ä–º–∞—Ç?",2014-11-22 20:54:37,4,0,0
72,"–ö–∞—Ä–µ–ª—å—Å–∫–æ-–†—É—Å—Å–∫–∏–π —Å–ª–æ–≤–∞—Ä—å, —Å–µ–≤–µ—Ä–æ-–∫–∞—Ä–µ–ª—å—Å–∫–∏–µ –¥–∏–∞–ª–µ–∫—Ç—ã. http://cs539313.vk.me/u74291995/docs/c22eaa36b863/slovar_zajkov.pdf?extra=GTp89o3yQZLa6mGhxxfp85iezjZM4MskDj5j5PGiuTvhKBvBgKzEVHpVmaoLc_Y4c5P4eCiBNSyYKgkRRulNpg2jCNBBGiny",2014-11-22 20:14:06,7,1,0
71,–°–∫–∞–∑ –æ —Ä—ã–±–∫–µ –∏ —Ä—ã–±–∞–∫–µ –Ω–∞ –ö–∞—Ä–µ–ª—å—Å–∫–æ–º —è–∑—ã–∫–µ http://vk.com/doc104100699_334444371?hash=987aa43313390db5e4&dl=67c99317e158ba04a3&api=1,2014-10-17 16:45:23,6,1,0
63,–ë–æ–ª—å—à–æ–π –†—É—Å—Å–∫–æ-–∫–∞—Ä–µ–ª—å—Å–∫–∏–π —Å–ª–æ–≤–∞—Ä—å  (–ª–∏–≤–≤–∏–∫–æ–≤—Å–∫–æ–µ –Ω–∞—Ä–µ—á–∏–µ) http://www.krc.karelia.ru/doc_download.php?id=6136&table_name=publ&table_ident=9070,2014-09-27 20:23:10,14,3,0
60,"4 –æ–∫—Ç—è–±—Ä—è –≤ –≥–æ—Ä–æ–¥–µ –õ–∏—Ö–æ—Å–ª–∞–≤–ª—å, –¢–≤–µ—Ä—Å–∫–∞—è –æ–±–ª–∞—Å—Ç—å, –≤ –∫—Ä–∞–µ–≤–µ–¥—á–µ—Å–∫–æ–º –º—É–∑–µ–µ –Ω–∞—á–Ω—É—Ç—Å—è –±–µ—Å–ø–ª–∞—Ç–Ω—ã–µ –∫—É—Ä—Å—ã –ö–∞—Ä–µ–ª—å—Å–∫–æ–≥–æ —è–∑—ã–∫–∞",2014-09-13 15:06:00,4,0,0
57,"Ramenskan raiona≈ü≈üa kareilautanda m√§n√∂y hill√§ill√§ harpavuk≈üilla. ...ei kaikissa karielan ≈ükol—åssa lapsia opa≈ü≈üeta omalla kielell√§. Opastajat-karielat ice viel√§ ei mahata lugie i kirjuttua karielaksi, otua hotj Lavrovan ≈ükola. Opa≈ütajat Er≈üova i Mazeeva ice ei maheta lugie i kirjuttua omalla kielell√§ i ei tahota opa≈ütuo, a niin ≈æe ei opa≈ü≈üeta i lapsie. Ki√§nd√§mi≈æen ke massovo-politikahistja ruadua seljsovietoissa i toizissa yhteyttynejziss√§ organizacijoissa omah kieleh, aziet on niin ≈æe pahoin. Karielan seljsovietat Ale≈°kinan kustua re≈°ittih kaikki omah massovoin ruavon sei≈æattua omalla kielell√§, no kon≈æa ruvettih proverimah, mid√§ luaittih karielautandua my√∂tj, nin o≈æuttauci, ≈üto niken nimid√§ ei luadin... Kolhozoin puoleh, 1931.",2014-09-10 19:37:17,0,0,0
51,"–°–ª–æ–≤–∞—Ä—å –ö–∞—Ä–µ–ª—å—Å–∫–æ–≥–æ —è–∑—ã–∫–∞ –∞–≤—Ç–æ—Ä –ü—É–Ω–∂–∏–Ω–∞ –ê.–í., –≤ —Ç–∞–∫–æ–º –∫–∞—á–µ—Å—Ç–≤–µ –≤—ã–∫–ª–∞–¥—ã–≤–∞—Ç—å?",2014-09-10 14:49:20,1,0,0
49,"–§—Ä–∞–∑—ã, —Å –ø–µ—Ä–µ–≤–æ–¥–æ–º –Ω–∞ –ö–∞—Ä–µ–ª—å—Å–∫–∏–π —è–∑—ã–∫ (—Ä—É—Å—Å–∫–∏–º–∏ –±—É–∫–≤–∞–º–∏). –í—ã–ø—É—Å–∫ 2.",2014-08-19 16:19:06,5,0,0
47,"–û—á–µ–Ω—å —Ö–æ—Ç–µ–ª–æ—Å—å –±—ã —É–∑–Ω–∞—Ç—å –æ  —Ä–µ–∞–ª—å–Ω–æ–º —Ä–∞—Å–ø—Ä–æ—Å—Ç—Ä–∞–Ω–µ–Ω–∏–∏ –∫–∞—Ä–µ–ª—å—Å–∫–æ–≥–æ —è–∑—ã–∫–∞, –∏ –µ—â–µ –∫–∞–∫ –±—É–¥–µ—Ç –ø–æ-–∫–∞—Ä–µ–ª—å—Å–∫–∏ ""–õ–æ—à–∞–¥—å"" –∏–ª–∏ ""–ö–æ–Ω—å""?",2014-07-13 12:49:01,0,0,0
39,"–§—Ä–∞–∑—ã, —Å –ø–µ—Ä–µ–≤–æ–¥–æ–º –Ω–∞ –ö–∞—Ä–µ–ª—å—Å–∫–∏–π —è–∑—ã–∫ (—Ä—É—Å—Å–∫–∏–º–∏ –±—É–∫–≤–∞–º–∏).",2014-06-23 16:08:03,5,0,0
37,"(–∫–∞—Ä–µ–ª—å—Å–∫–∏–π) –¢–æ–ª–º–∞—á–µ–≤—Å–∫–∞—è –ê. - –†–æ–¥–Ω–æ–µ –∫–∞—Ä–µ–ª—å—Å–∫–æ–µ. –ö–∞—Ä–µ–ª—å—Å–∫–æ-—Ä—É—Å—Å–∫—ñ–π –±—É–∫–≤–∞—Ä—å –¥–ª—è –ª–µ–≥—á–∞–π—à–∞–≥–æ –æ–±—É—á–µ–Ω—ñ—è –≥—Ä–∞–º–æ—Ç—£ –∫–∞—Ä–µ–ª—å—Å–∫–∏—Ö—ä –¥—£—Ç–µ–π / –ö–∞—Ä–µ–ª—å—Å–∫–æ-—Ä—É—Å—Å–∫–∏–π –±—É–∫–≤–∞—Ä—å –¥–ª—è –ª–µ–≥—á–∞–π—à–µ–≥–æ –æ–±—É—á–µ–Ω–∏—è –≥—Ä–∞–º–æ—Ç–µ –∫–∞—Ä–µ–ª—å—Å–∫–∏—Ö –¥–µ—Ç–µ–π [1887 –≥., PDF] http://rutracker.org/forum/viewtopic.php?t=4294987",2014-06-04 15:51:57,5,0,0
29,–ö–∞—Ä–ª–æ–≤–∞ –û. –ö–∞—Ä–µ–ª—å—Å–∫–∏–π –¥–ª—è –Ω–∞—á–∏–Ω–∞—é—â–∏—Ö –°–∫–∞—á–∞—Ç—å –±–µ—Å–ø–ª–∞—Ç–Ω–æ,2014-04-22 22:35:05,5,0,0
20,"–ü–∞—Ä—Ç–∏—è ""–§–∏–Ω–Ω–æ-—É–≥–æ—Ä—Å–∫–∏–µ –Ω–∞—Ä–æ–¥—ã –†–æ—Å—Å–∏–∏"". http://vk.com/club37484154",2013-05-20 19:24:27,0,0,0
11,–º–æ–∂–µ—Ç –±—ã—Ç—å —ç—Ç–æ—Ç —Å–∞–π—Ç –ø–æ–¥–æ–π–¥–µ—Ç:) —É—Ä–æ–∫–∏ –ö–∞—Ä–µ–ª—å—Å–∫–æ–≥–æ —è–∑—ã–∫–∞. http://depvladimir.narod.ru/urokkat/urok1.html,2012-11-09 15:37:46,0,0,0
2,"No nii Ja miss√§ oppimateriali? mik√§ dialekti te opiskelette? Ryhm√§n lippu on UHTAN Krjalan lippu - se on pohjois dialekti, mutta seinalla on kirjoitanut etta Paul haluu oppi Tverin dialekti",2011-12-04 12:34:13,0,0,0
