topic,relatedness,text,date,group,likes,reposts,views
—Ñ–µ—Å—Ç–∏–≤–∞–ª—å,0.1703,"–ö–∞—Ä–µ–ª—å—Å–∫–∏–µ –ø–æ—Å–ª–æ–≤–∏—Ü—ã, –ø–æ–≥–æ–≤–æ—Ä–∫–∏, –∑–∞–≥–∞–¥–∫–∏.  –° –ø–µ—Ä–µ–≤–æ–¥–æ–º. –°–æ—Å—Ç–∞–≤–∏—Ç–µ–ª—å –ú–∞–∫–∞—Ä–æ–≤ –ì. –ù. 1959 –≥–æ–¥.",2020-12-05 11:00:05,,48,18,4141
—Ñ–µ—Å—Ç–∏–≤–∞–ª—å,0.1703,"–ö–∞—Ä–µ–ª—å—Å–∫–∏–µ –ø–æ—Å–ª–æ–≤–∏—Ü—ã, –ø–æ–≥–æ–≤–æ—Ä–∫–∏, –∑–∞–≥–∞–¥–∫–∏.  –° –ø–µ—Ä–µ–≤–æ–¥–æ–º. –°–æ—Å—Ç–∞–≤–∏—Ç–µ–ª—å –ú–∞–∫–∞—Ä–æ–≤ –ì. –ù. 1959 –≥–æ–¥.",2020-12-05 11:00:05,,48,18,4204
—Ñ–µ—Å—Ç–∏–≤–∞–ª—å,0.1298,"‚ö°–ö–∞—Ä–µ–ª—å—Å–∫–∏–µ —ç–ø–∏—á–µ—Å–∫–∏–µ –ø–µ—Å–Ω–∏ –∏–ª–∏ –∫–∞—Ä–µ–ª—å—Å–∫–∏–µ —Ä—É–Ω—ã –æ—Ç–Ω–æ—Å—è—Ç—Å—è –∫ –Ω–∞–∏–±–æ–ª–µ–µ –¥—Ä–µ–≤–Ω–∏–º –∂–∞–Ω—Ä–∞–º –∫–∞—Ä–µ–ª—å—Å–∫–æ–≥–æ —Ñ–æ–ª—å–∫–ª–æ—Ä–∞.  –î–æ –Ω–∞—Å—Ç–æ—è—â–µ–≥–æ –≤—Ä–µ–º–µ–Ω–∏ —Å–∞–º—ã–º–∏ —Ä–∞–Ω–Ω–∏–º–∏ –∑–∞–ø–∏—Å—è–º–∏ –∫–∞—Ä–µ–ª—å—Å–∫–∏—Ö —ç–ø–∏—á–µ—Å–∫–∏—Ö –ø–µ—Å–µ–Ω —è–≤–ª—è—é—Ç—Å—è –º–∞—Ç–µ—Ä–∏–∞–ª—ã, —Å–æ–±—Ä–∞–Ω–Ω—ã–µ —Ñ–∏–Ω—Å–∫–∏–º–∏ —É—á–µ–Ω—ã–º–∏ –≤ –∫–æ–Ω—Ü–µ XVIII ‚Äì –Ω–∞—á–∞–ª–µ XIX –≤.  –ó–Ω–∞–∫–æ–≤—ã–º —Å–æ–±—ã—Ç–∏–µ–º –≤ –∏–∑—É—á–µ–Ω–∏–∏ –∫–∞—Ä–µ–ª—å—Å–∫–æ–π —ç–ø–∏—á–µ—Å–∫–æ–π —Ç—Ä–∞–¥–∏—Ü–∏–∏ —Å—á–∏—Ç–∞–µ—Ç—Å—è –ø—É–±–ª–∏–∫–∞—Ü–∏—è –≤ 1822‚Äì1831 –≥–≥. —Å–±–æ—Ä–Ω–∏–∫–∞ –°. –¢–æ–ø–µ–ª–∏—É—Å–∞-—Å—Ç–∞—Ä—à–µ–≥–æ, –≤ –∫–æ—Ç–æ—Ä–æ–º –≤–ø–µ—Ä–≤—ã–µ –±—ã–ª–∏ –æ–ø—É–±–ª–∏–∫–æ–≤–∞–Ω—ã –æ–±—Ä–∞–∑—Ü—ã –∫–∞—Ä–µ–ª—å—Å–∫–∏—Ö —ç–ø–∏—á–µ—Å–∫–∏—Ö –ø–µ—Å–µ–Ω.   üìñ ""–ù–∞—Ä–æ–¥—ã –ö–∞—Ä–µ–ª–∏–∏"", –æ—Ç–≤. —Ä–µ–¥. –ò.–Æ. –í–∏–Ω–æ–∫—É—Ä–æ–≤–∞  üì∏ –ò.–ö. –ò–Ω—Ö–∞, –ë—Ä–∞—Ç—å—è –Ø–º–∞–Ω–µ–Ω—ã –¢—Ä–∏—Ö–≤–æ –∏ –ü–æ–∞–≤–∏–ª–∞ –ø–æ–∫–∞–∑—ã–≤–∞—é—Ç, –∫–∞–∫ —Ä–∞–Ω—å—à–µ –ø–µ–ª–∏ —Ä—É–Ω—ã.   #–ì–æ–¥–ö–∞—Ä–µ–ª—å—Å–∫–∏—Ö–†—É–Ω",2020-12-26 18:04:24,,54,12,1941
—Ñ–µ—Å—Ç–∏–≤–∞–ª—å,0.1254,"–ü—Ä–æ–≤–µ—Ä—å —Å–≤–æ–∏ –∑–Ω–∞–Ω–∏—è! –í–æ–ø—Ä–æ—Å –æ—Ç –ú–∞—Ä–∫–∫—É –ù–∏–µ–º–∏–Ω–µ–Ω–∞ —Å –≤–∏–∫—Ç–æ—Ä–∏–Ω—ã ""–Ø –∏ –ö–∞–ª–µ–≤–∞–ª–∞"".",2015-03-02 14:18:31,,10,2,0
—Ñ–µ—Å—Ç–∏–≤–∞–ª—å,0.1028,–ö–∏–Ω–æ—Ö—Ä–æ–Ω–∏–∫–∞ —Å—Ç–∞—Ä–æ–≥–æ –í–∞–ª–∞–∞–º–∞:,2020-12-23 22:17:52,,62,41,2285
—Ñ–µ—Å—Ç–∏–≤–∞–ª—å,0.0958,"ILOKONTTI (–±—É–∫–≤. –∫–æ—à–µ–ª—å —Ä–∞–¥–æ—Å—Ç–∏) - —ç—Ç–æ –ø–æ–ª–Ω—ã–π –Ω–∞–±–æ—Ä –∫–∞—Ä–µ–ª—å—Å–∫–æ–≥–æ —é–º–æ—Ä–∞, –∫–æ—Ç–æ—Ä—ã–π —Å–æ–¥–µ—Ä–∂–∏—Ç 625 —Ç—Ä–∞–¥–∏—Ü–∏–æ–Ω–Ω—ã—Ö –≤–µ—â–µ–π: –∑–Ω–∞–∫–æ–º—ã–µ –∏ –º–µ–Ω–µ–µ –∑–Ω–∞–∫–æ–º—ã–µ –∞–Ω–µ–∫–¥–æ—Ç—ã, —Ç—Ä–æ–≥–∞—Ç–µ–ª—å–Ω—ã–µ –≤–æ—Å–ø–æ–º–∏–Ω–∞–Ω–∏—è, –µ–¥–∫–∏–µ —Ñ—Ä–∞–∑—ã –∏ –ø—Ä–æ–∑–≤–∏—â–∞. –í —Ç–æ–π –∏–ª–∏ –∏–Ω–æ–π —Å—Ç–µ–ø–µ–Ω–∏ –∑–¥–µ—Å—å –ø—Ä–µ–¥—Å—Ç–∞–≤–ª–µ–Ω—ã –≤—Å–µ —Ä–∞–π–æ–Ω—ã —É—Ç–µ—Ä—è–Ω–Ω–æ–π –ö–∞—Ä–µ–ª–∏–∏.  –ü–µ—Ä–∏–æ–¥ –æ—Ö–≤–∞—Ç—ã–≤–∞–µ—Ç –≤—Ä–µ–º—è —Å –Ω–∞—á–∞–ª–∞ —Å—Ç–æ–ª–µ—Ç–∏—è –∏ –¥–æ —Å–µ—Ä–µ–¥–∏–Ω—ã 1980-—Ö –≥–≥. –ü–æ –ø—Ä–∏—á–∏–Ω–µ —Å–≤–æ–µ–π –≤–æ—Å–ø—Ä–∏–∏–º—á–∏–≤–æ—Å—Ç–∏, —É–≥–ª–æ–≤–∞—Ç–æ—Å—Ç–∏ –∏ –æ—Å—Ç—Ä–æ—Ç—ã —è–∑—ã–∫–∞ - –∏–ª–∏ –∂–µ –Ω–µ–∑–∞–≤–∏—Å–∏–º–æ –æ—Ç —ç—Ç–æ–≥–æ - –∫–∞—Ä–µ–ª—å—Å–∫–∏–µ –∂–µ–Ω—â–∏–Ω—ã, –º—É–∂—á–∏–Ω—ã –∏ –¥–µ—Ç–∏ —Å–º–æ–≥–ª–∏ –≤—ã–∂–∏—Ç—å –∫–∞–∫ –≤ –≤–æ–π–Ω—É, —Ç–∞–∫ –∏ –º–∏—Ä–Ω–æ–µ –≤—Ä–µ–º—è, –∫–∞–∫ —Å—Ä–µ–¥–∏ —á—É–∂–∏—Ö, —Ç–∞–∫ –∏ —Å–≤–æ–∏—Ö.  –ö–∞—Ä–µ–ª–∏—è –∫–∞–∫ –º–µ—Å—Ç–æ —Å—Ç–æ–ª–∫–Ω–æ–≤–µ–Ω–∏—è –∑–∞–ø–∞–¥–∞ –∏ –≤–æ—Å—Ç–æ–∫–∞ –≤—Å–µ–≥–¥–∞ –±—ã–ª–∞ –ø–ª–æ–¥–æ—Ä–æ–¥–Ω–æ–π –ø–æ—á–≤–æ–π –¥–ª—è —é–º–æ—Ä–∞. –£–Ω–∏–∫–∞–ª—å–Ω—ã–π –ø–æ—Å–ª–µ–¥–Ω–∏–π —à—Ç—Ä–∏—Ö –∫–∞—Ä–µ–ª—ã –ø–æ–ª—É—á–∏–ª–∏ –≤—Å–ª–µ–¥—Å—Ç–≤–∏–µ –¥—Ä–∞–º–∞—Ç–∏—á–µ—Å–∫–∏—Ö —Å–æ–±—ã—Ç–∏–π –Ω–µ–¥–∞–≤–Ω–µ–≥–æ –ø—Ä–æ—à–ª–æ–≥–æ. –£ –∫–∞—Ä–µ–ª –º—ã –º–æ–∂–µ–º –Ω–∞—É—á–∏—Ç—å—Å—è —Ç–æ–º—É, —á—Ç–æ –∏ —Å–∞–º–∞—è –∑–Ω–∞—á–∏—Ç–µ–ª—å–Ω–∞—è –∫–æ–º–µ–¥–∏—è –≤–∫–ª—é—á–∞–µ—Ç –≤—Å–µ–≥–¥–∞ –∏ –¥–æ–ª—é —Ç—Ä–∞–≥–µ–¥–∏–∏. –° –¥—Ä—É–≥–æ–π —Å—Ç–æ—Ä–æ–Ω—ã, –∏ –≤ —Å–∞–º–æ–π –º—Ä–∞—á–Ω–æ–π —Ç—Ä–∞–≥–µ–¥–∏–∏ –º–æ–∂–Ω–æ –æ—Ç—ã—Å–∫–∞—Ç—å - –∏ –Ω—É–∂–Ω–æ –Ω–∞—Ö–æ–¥–∏—Ç—å - —Ç–∞–∫–∂–µ –∏ —Å–º–µ—à–Ω—ã–µ —Å—Ç–æ—Ä–æ–Ω—ã.  - –ù–µ –ø–ª–∞—á—É —Ö–æ—Ç—è —Å–ª—ë–∑—ã –∏–∑ –≥–ª–∞–∑ –∏ –ª—å—é—Ç—Å—è.",2018-09-06 15:04:05,,9,0,185
—Ñ–µ—Å—Ç–∏–≤–∞–ª—å,0.0958,"ILOKONTTI (–±—É–∫–≤. –∫–æ—à–µ–ª—å —Ä–∞–¥–æ—Å—Ç–∏) - —ç—Ç–æ –ø–æ–ª–Ω—ã–π –Ω–∞–±–æ—Ä –∫–∞—Ä–µ–ª—å—Å–∫–æ–≥–æ —é–º–æ—Ä–∞, –∫–æ—Ç–æ—Ä—ã–π —Å–æ–¥–µ—Ä–∂–∏—Ç 625 —Ç—Ä–∞–¥–∏—Ü–∏–æ–Ω–Ω—ã—Ö –≤–µ—â–µ–π: –∑–Ω–∞–∫–æ–º—ã–µ –∏ –º–µ–Ω–µ–µ –∑–Ω–∞–∫–æ–º—ã–µ –∞–Ω–µ–∫–¥–æ—Ç—ã, —Ç—Ä–æ–≥–∞—Ç–µ–ª—å–Ω—ã–µ –≤–æ—Å–ø–æ–º–∏–Ω–∞–Ω–∏—è, –µ–¥–∫–∏–µ —Ñ—Ä–∞–∑—ã –∏ –ø—Ä–æ–∑–≤–∏—â–∞. –í —Ç–æ–π –∏–ª–∏ –∏–Ω–æ–π —Å—Ç–µ–ø–µ–Ω–∏ –∑–¥–µ—Å—å –ø—Ä–µ–¥—Å—Ç–∞–≤–ª–µ–Ω—ã –≤—Å–µ —Ä–∞–π–æ–Ω—ã —É—Ç–µ—Ä—è–Ω–Ω–æ–π –ö–∞—Ä–µ–ª–∏–∏.  –ü–µ—Ä–∏–æ–¥ –æ—Ö–≤–∞—Ç—ã–≤–∞–µ—Ç –≤—Ä–µ–º—è —Å –Ω–∞—á–∞–ª–∞ —Å—Ç–æ–ª–µ—Ç–∏—è –∏ –¥–æ —Å–µ—Ä–µ–¥–∏–Ω—ã 1980-—Ö –≥–≥. –ü–æ –ø—Ä–∏—á–∏–Ω–µ —Å–≤–æ–µ–π –≤–æ—Å–ø—Ä–∏–∏–º—á–∏–≤–æ—Å—Ç–∏, —É–≥–ª–æ–≤–∞—Ç–æ—Å—Ç–∏ –∏ –æ—Å—Ç—Ä–æ—Ç—ã —è–∑—ã–∫–∞ - –∏–ª–∏ –∂–µ –Ω–µ–∑–∞–≤–∏—Å–∏–º–æ –æ—Ç —ç—Ç–æ–≥–æ - –∫–∞—Ä–µ–ª—å—Å–∫–∏–µ –∂–µ–Ω—â–∏–Ω—ã, –º—É–∂—á–∏–Ω—ã –∏ –¥–µ—Ç–∏ —Å–º–æ–≥–ª–∏ –≤—ã–∂–∏—Ç—å –∫–∞–∫ –≤ –≤–æ–π–Ω—É, —Ç–∞–∫ –∏ –º–∏—Ä–Ω–æ–µ –≤—Ä–µ–º—è, –∫–∞–∫ —Å—Ä–µ–¥–∏ —á—É–∂–∏—Ö, —Ç–∞–∫ –∏ —Å–≤–æ–∏—Ö.  –ö–∞—Ä–µ–ª–∏—è –∫–∞–∫ –º–µ—Å—Ç–æ —Å—Ç–æ–ª–∫–Ω–æ–≤–µ–Ω–∏—è –∑–∞–ø–∞–¥–∞ –∏ –≤–æ—Å—Ç–æ–∫–∞ –≤—Å–µ–≥–¥–∞ –±—ã–ª–∞ –ø–ª–æ–¥–æ—Ä–æ–¥–Ω–æ–π –ø–æ—á–≤–æ–π –¥–ª—è —é–º–æ—Ä–∞. –£–Ω–∏–∫–∞–ª—å–Ω—ã–π –ø–æ—Å–ª–µ–¥–Ω–∏–π —à—Ç—Ä–∏—Ö –∫–∞—Ä–µ–ª—ã –ø–æ–ª—É—á–∏–ª–∏ –≤—Å–ª–µ–¥—Å—Ç–≤–∏–µ –¥—Ä–∞–º–∞—Ç–∏—á–µ—Å–∫–∏—Ö —Å–æ–±—ã—Ç–∏–π –Ω–µ–¥–∞–≤–Ω–µ–≥–æ –ø—Ä–æ—à–ª–æ–≥–æ. –£ –∫–∞—Ä–µ–ª –º—ã –º–æ–∂–µ–º –Ω–∞—É—á–∏—Ç—å—Å—è —Ç–æ–º—É, —á—Ç–æ –∏ —Å–∞–º–∞—è –∑–Ω–∞—á–∏—Ç–µ–ª—å–Ω–∞—è –∫–æ–º–µ–¥–∏—è –≤–∫–ª—é—á–∞–µ—Ç –≤—Å–µ–≥–¥–∞ –∏ –¥–æ–ª—é —Ç—Ä–∞–≥–µ–¥–∏–∏. –° –¥—Ä—É–≥–æ–π —Å—Ç–æ—Ä–æ–Ω—ã, –∏ –≤ —Å–∞–º–æ–π –º—Ä–∞—á–Ω–æ–π —Ç—Ä–∞–≥–µ–¥–∏–∏ –º–æ–∂–Ω–æ –æ—Ç—ã—Å–∫–∞—Ç—å - –∏ –Ω—É–∂–Ω–æ –Ω–∞—Ö–æ–¥–∏—Ç—å - —Ç–∞–∫–∂–µ –∏ —Å–º–µ—à–Ω—ã–µ —Å—Ç–æ—Ä–æ–Ω—ã.  - –ù–µ –ø–ª–∞—á—É —Ö–æ—Ç—è —Å–ª—ë–∑—ã –∏–∑ –≥–ª–∞–∑ –∏ –ª—å—é—Ç—Å—è.",2018-09-06 15:04:05,,9,0,185
—Ñ–µ—Å—Ç–∏–≤–∞–ª—å,0.0957,https://pamyat-naroda.ru/heroes/podvig-chelovek_nagrazhdenie80682445/?backurl=%2Fheroes%2F%3Ffirst_name%3D%D0&,2020-06-23 20:17:15,,6,0,0
—Ñ–µ—Å—Ç–∏–≤–∞–ª—å,0.0954,–¢–µ–ø–µ—Ä—å –≤ Kyykk√§ –∏–≥—Ä–∞—é—Ç –∏ –≤ –°–®–ê.    ========================,2018-12-08 08:09:34,,16,0,367
—Ñ–µ—Å—Ç–∏–≤–∞–ª—å,0.0947,"Kilbu ""Pajata karjalakse!"". Ozanottajat da voittajat!",2018-12-09 18:30:31,,83,15,3429
—Ñ–µ—Å—Ç–∏–≤–∞–ª—å,0.0884,"‚ñå–ö–Æ–ö–ö–Ø ‚Äì —Å—Ç–∞—Ä–∏–Ω–Ω–∞—è –Ω–∞—Ä–æ–¥–Ω–∞—è –∫–∞—Ä–µ–ª—å—Å–∫–∞—è –∏–≥—Ä–∞, –∑–∞—Ä–æ–¥–∏–≤—à–∞—è—Å—è –≤ –ë–µ–ª–æ–º–æ—Ä—Å–∫–æ–π –ö–∞—Ä–µ–ª–∏–∏. –ò–≥—Ä–∞ –±—ã—Ç–æ–≤–∞–ª–∞ –Ω–∞ —Ç–µ—Ä—Ä–∏—Ç–æ—Ä–∏–∏ –ö–∞—Ä–µ–ª–∏–∏ —Å—Ç–æ–ª–µ—Ç–∏—è –Ω–∞–∑–∞–¥, –∞ –∑–∞—Ç–µ–º –≤–º–µ—Å—Ç–µ —Å –∏–º–º–∏–≥—Ä–∞–Ω—Ç–∞–º–∏ –ø–µ—Ä–µ–∫–æ—á–µ–≤–∞–ª–∞ –≤ –§–∏–Ω–ª—è–Ω–¥–∏—é. –ó–∞ –ø–æ—á—Ç–∏ –¥–≤–∞ —Å—Ç–æ–ª–µ—Ç–∏—è —Å—É—â–µ—Å—Ç–≤–æ–≤–∞–Ω–∏—è –∏–≥—Ä—ã, –∫–æ—Ç–æ—Ä—É—é —Ç–∞–∫–∂–µ –Ω–∞–∑—ã–≤–∞—é—Ç ¬´–∫–∞—Ä–µ–ª—å—Å–∫–∏–º–∏ –≥–æ—Ä–æ–¥–∫–∞–º–∏¬ª, –ø—Ä–∞–≤–∏–ª–∞ –µ–µ –ø—Ä–∞–∫—Ç–∏—á–µ—Å–∫–∏ –Ω–µ –∏–∑–º–µ–Ω–∏–ª–∏—Å—å. –ü—Ä–∞–≤–¥–∞, –Ω–∞ –¥–æ–ª–≥–∏–µ –≥–æ–¥—ã —ç—Ç–∞ –Ω–∞—Ä–æ–¥–Ω–∞—è –∑–∞–±–∞–≤–∞ –±—ã–ª–∞ –∑–∞–±—ã—Ç–∞, –ø–æ–∫–∞ –≤ 50-—Ö –≥–æ–¥–∞—Ö XX –≤–µ–∫–∞ –µ–µ –Ω–µ –≤–æ–∑—Ä–æ–¥–∏–ª–∏ –∫–∞—Ä–µ–ª—ã, –ø—Ä–æ–∂–∏–≤–∞—é—â–∏–µ –Ω–∞ —Ç–µ—Ä—Ä–∏—Ç–æ—Ä–∏–∏ –§–∏–Ω–ª—è–Ω–¥–∏–∏. –í 1991 –≥–æ–¥—É –∫—é–∫–∫—è –≤–µ—Ä–Ω—É–ª–∞—Å—å –≤ –ö–∞–ª–µ–≤–∞–ª—É. –í–æ—Ç —É–∂–µ –±–æ–ª–µ–µ 20 –ª–µ—Ç –∂–∏—Ç–µ–ª–∏ –ø–æ—Å–µ–ª–∫–∞ –∏–≥—Ä–∞—é—Ç –≤ –Ω–µ—ë –ø—Ä–∞–∫—Ç–∏—á–µ—Å–∫–∏ –∫—Ä—É–≥–ª—ã–π –≥–æ–¥.",2016-07-17 15:52:57,,1,0,0
—Ñ–µ—Å—Ç–∏–≤–∞–ª—å,0.0874,"–ê –≤—ã –∑–Ω–∞–ª–∏,—á—Ç–æ –º—ã –∏–≥—Ä–∞–µ–º –≤ –∏–≥—Ä—É, –∫–æ—Ç–æ—Ä—É—é ""–ø—Ä–∏–¥—É–º–∞–ª –ê–ª–µ–∫—Å–∞–Ω–¥—Ä –ù–µ–≤—Å–∫–∏–π –¥–ª—è —Å–≤–æ–∏—Ö –æ—Ñ–∏—Ü–µ—Ä–æ–≤, –¥–ª—è —Ä–∞–∑–≤–∏—Ç–∏—è —Ä—É–∫–∏..."" ;)   https://www.moya-planeta.ru/reports/view/seligerskie_rjuhi_32405/",2017-09-12 13:07:38,,1,0,0
—Ñ–µ—Å—Ç–∏–≤–∞–ª—å,0.0862,–ú—É–ª—å—Ç—Ñ–∏–ª—å–º –ö–∞—Ä–µ–ª—å—Å–∫–∞—è —Å–∫–∞–∑–∫–∞ –ø—Ä–æ –ë–∞—Ä–∞–Ω–∞ –∏ –ö–æ–∑–ª–∞,2025-01-13 17:30:00,,198,122,13064
—Ñ–µ—Å—Ç–∏–≤–∞–ª—å,0.075,"–ò–≥—Ä—ã, –≤ –∫–æ—Ç–æ—Ä—ã–µ –∏–≥—Ä–∞—é—Ç –∫–∞—Ä–µ–ª—ã! –ò –Ω–µ —Ç–æ–ª—å–∫–æ....  #–ù–æ–≤–æ—Å—Ç–∏@karjalanrahvahanliitto",2024-10-25 10:56:08,,22,10,634
